0 verbose cli C:\Program Files\nodejs\node.exe C:\Program Files\nodejs\node_modules\npm\bin\npm-cli.js
1 info using npm@11.16.0
2 info using node@v24.18.1
3 silly config load:file:C:\Program Files\nodejs\node_modules\npm\npmrc
4 silly config load:file:C:\Users\Lenovo\Documents\Codex\2026-10-01\do\outputs\praman-app\.npmrc
5 silly config load:file:C:\Users\Lenovo\.npmrc
6 silly config load:file:C:\Users\Lenovo\AppData\Roaming\npm\etc\npmrc
7 verbose title npm install
8 verbose argv "install" "--cache" "./.npm-cache" "--no-audit" "--no-fund"
9 verbose logfile logs-max:10 dir:C:\Users\Lenovo\Documents\Codex\2026-10-01\do\outputs\praman-app\.npm-cache\_logs\2026-10-01T02_56_53_595Z-
10 verbose logfile C:\Users\Lenovo\Documents\Codex\2026-10-01\do\outputs\praman-app\.npm-cache\_logs\2026-10-01T02_56_53_595Z-debug-0.log
11 silly logfile done cleaning log files
12 silly packumentCache heap:4496293888 maxSize:1124073472 maxEntrySize:562036736
13 silly idealTree buildDeps
14 silly fetch manifest next@16.3.8
15 silly packumentCache full:https://registry.npmjs.org/next cache-miss
16 http fetch GET 200 https://registry.npmjs.org/npm 219ms
17 http fetch GET 200 https://registry.npmjs.org/next 972ms (cache miss)
18 silly packumentCache full:https://registry.npmjs.org/next set size:undefined disposed:false
19 silly fetch manifest @opentelemetry/api@^1.1.0
20 silly packumentCache full:https://registry.npmjs.org/@opentelemetry%2fapi cache-miss
21 http fetch GET 200 https://registry.npmjs.org/@opentelemetry%2fapi 897ms (cache miss)
22 silly packumentCache full:https://registry.npmjs.org/@opentelemetry%2fapi set size:undefined disposed:false
23 silly fetch manifest @playwright/test@^1.51.1
24 silly packumentCache full:https://registry.npmjs.org/@playwright%2ftest cache-miss
25 http fetch GET 200 https://registry.npmjs.org/@playwright%2ftest 1197ms (cache miss)
26 silly packumentCache full:https://registry.npmjs.org/@playwright%2ftest set size:undefined disposed:false
27 silly fetch manifest babel-plugin-react-compiler@*
28 silly packumentCache full:https://registry.npmjs.org/babel-plugin-react-compiler cache-miss
29 http fetch GET 200 https://registry.npmjs.org/babel-plugin-react-compiler 686ms (cache miss)
30 silly packumentCache full:https://registry.npmjs.org/babel-plugin-react-compiler set size:undefined disposed:false
31 silly fetch manifest react@^19.2.3
32 silly packumentCache full:https://registry.npmjs.org/react cache-miss
33 http fetch GET 200 https://registry.npmjs.org/react 486ms (cache miss)
34 silly packumentCache full:https://registry.npmjs.org/react set size:undefined disposed:false
35 silly fetch manifest react-dom@^19.2.3
36 silly packumentCache full:https://registry.npmjs.org/react-dom cache-miss
37 http fetch GET 200 https://registry.npmjs.org/react-dom 562ms (cache miss)
38 silly packumentCache full:https://registry.npmjs.org/react-dom set size:undefined disposed:false
39 silly fetch manifest sass@^1.3.0
40 silly packumentCache full:https://registry.npmjs.org/sass cache-miss
41 http fetch GET 200 https://registry.npmjs.org/sass 723ms (cache miss)
42 silly packumentCache full:https://registry.npmjs.org/sass set size:undefined disposed:false
43 silly fetch manifest lucide-react@^0.577.0
44 silly packumentCache full:https://registry.npmjs.org/lucide-react cache-miss
45 http fetch GET 200 https://registry.npmjs.org/lucide-react 719ms (cache miss)
46 silly packumentCache full:https://registry.npmjs.org/lucide-react set size:undefined disposed:false
47 silly fetch manifest @types/node@^24.0.0
48 silly packumentCache full:https://registry.npmjs.org/@types%2fnode cache-miss
49 http fetch GET 200 https://registry.npmjs.org/@types%2fnode 1044ms (cache miss)
50 silly packumentCache full:https://registry.npmjs.org/@types%2fnode set size:undefined disposed:false
51 silly fetch manifest @types/react@^19.0.0
52 silly packumentCache full:https://registry.npmjs.org/@types%2freact cache-miss
53 http fetch GET 200 https://registry.npmjs.org/@types%2freact 1017ms (cache miss)
54 silly packumentCache full:https://registry.npmjs.org/@types%2freact set size:undefined disposed:false
55 silly fetch manifest @types/react-dom@^19.0.0
56 silly packumentCache full:https://registry.npmjs.org/@types%2freact-dom cache-miss
57 http fetch GET 200 https://registry.npmjs.org/@types%2freact-dom 952ms (cache miss)
58 silly packumentCache full:https://registry.npmjs.org/@types%2freact-dom set size:undefined disposed:false
59 silly fetch manifest eslint@^9.0.0
60 silly packumentCache full:https://registry.npmjs.org/eslint cache-miss
61 http fetch GET 200 https://registry.npmjs.org/eslint 422ms (cache miss)
62 silly packumentCache full:https://registry.npmjs.org/eslint set size:undefined disposed:false
63 silly fetch manifest jiti@*
64 silly packumentCache full:https://registry.npmjs.org/jiti cache-miss
65 http fetch GET 200 https://registry.npmjs.org/jiti 390ms (cache miss)
66 silly packumentCache full:https://registry.npmjs.org/jiti set size:undefined disposed:false
67 silly fetch manifest eslint-config-next@16.3.8
68 silly packumentCache full:https://registry.npmjs.org/eslint-config-next cache-miss
69 http fetch GET 200 https://registry.npmjs.org/eslint-config-next 585ms (cache miss)
70 silly packumentCache full:https://registry.npmjs.org/eslint-config-next set size:undefined disposed:false
71 silly fetch manifest typescript@^5.8.0
72 silly packumentCache full:https://registry.npmjs.org/typescript cache-miss
73 http fetch GET 200 https://registry.npmjs.org/typescript 824ms (cache miss)
74 silly packumentCache full:https://registry.npmjs.org/typescript set size:undefined disposed:false
75 silly placeDep ROOT @types/node@24.19.0 OK for: praman@1.0.0 want: ^24.0.0
76 silly placeDep ROOT @types/react@19.3.0 OK for: praman@1.0.0 want: ^19.0.0
77 silly placeDep ROOT @types/react-dom@19.3.0 OK for: praman@1.0.0 want: ^19.0.0
78 silly placeDep ROOT eslint@9.39.5 OK for: praman@1.0.0 want: ^9.0.0
79 silly placeDep ROOT eslint-config-next@16.3.8 OK for: praman@1.0.0 want: 16.3.8
80 silly placeDep ROOT lucide-react@0.577.0 OK for: praman@1.0.0 want: ^0.577.0
81 silly placeDep ROOT react@19.3.0 OK for: lucide-react@0.577.0 want: ^16.5.1 || ^17.0.0 || ^18.0.0 || ^19.0.0
82 silly placeDep ROOT next@16.3.8 OK for: praman@1.0.0 want: 16.3.8
83 silly placeDep ROOT react-dom@19.3.0 OK for: next@16.3.8 want: ^18.2.0 || 19.0.0-rc-de68d2f4-20241204 || ^19.0.0
84 silly placeDep ROOT typescript@5.9.3 OK for: praman@1.0.0 want: ^5.8.0
85 silly fetch manifest undici-types@>=7.24.0 <7.24.7
86 silly packumentCache full:https://registry.npmjs.org/undici-types cache-miss
87 silly fetch manifest csstype@^3.2.2
88 silly packumentCache full:https://registry.npmjs.org/csstype cache-miss
89 silly fetch manifest ajv@^6.14.0
90 silly packumentCache full:https://registry.npmjs.org/ajv cache-miss
91 silly fetch manifest chalk@^4.0.0
92 silly packumentCache full:https://registry.npmjs.org/chalk cache-miss
93 silly fetch manifest debug@^4.3.2
94 silly packumentCache full:https://registry.npmjs.org/debug cache-miss
95 silly fetch manifest espree@^10.4.0
96 silly packumentCache full:https://registry.npmjs.org/espree cache-miss
97 silly fetch manifest ignore@^5.2.0
98 silly packumentCache full:https://registry.npmjs.org/ignore cache-miss
99 silly fetch manifest esquery@^1.5.0
100 silly packumentCache full:https://registry.npmjs.org/esquery cache-miss
101 silly fetch manifest esutils@^2.0.2
102 silly packumentCache full:https://registry.npmjs.org/esutils cache-miss
103 silly fetch manifest find-up@^5.0.0
104 silly packumentCache full:https://registry.npmjs.org/find-up cache-miss
105 silly fetch manifest is-glob@^4.0.0
106 silly packumentCache full:https://registry.npmjs.org/is-glob cache-miss
107 http fetch GET 200 https://registry.npmjs.org/chalk 237ms (cache miss)
108 silly packumentCache full:https://registry.npmjs.org/chalk set size:undefined disposed:false
109 silly fetch manifest minimatch@^3.1.5
110 silly packumentCache full:https://registry.npmjs.org/minimatch cache-miss
111 http fetch GET 200 https://registry.npmjs.org/esutils 247ms (cache miss)
112 silly packumentCache full:https://registry.npmjs.org/esutils set size:undefined disposed:false
113 silly fetch manifest @eslint/js@9.39.5
114 silly packumentCache full:https://registry.npmjs.org/@eslint%2fjs cache-miss
115 http fetch GET 200 https://registry.npmjs.org/csstype 376ms (cache miss)
116 silly packumentCache full:https://registry.npmjs.org/csstype set size:undefined disposed:false
117 silly fetch manifest optionator@^0.9.3
118 silly packumentCache full:https://registry.npmjs.org/optionator cache-miss
119 http fetch GET 200 https://registry.npmjs.org/undici-types 389ms (cache miss)
120 silly packumentCache full:https://registry.npmjs.org/undici-types set size:undefined disposed:false
121 silly fetch manifest cross-spawn@^7.0.6
122 silly packumentCache full:https://registry.npmjs.org/cross-spawn cache-miss
123 http fetch GET 200 https://registry.npmjs.org/is-glob 565ms (cache miss)
124 silly packumentCache full:https://registry.npmjs.org/is-glob set size:undefined disposed:false
125 silly fetch manifest glob-parent@^6.0.2
126 silly packumentCache full:https://registry.npmjs.org/glob-parent cache-miss
127 http fetch GET 200 https://registry.npmjs.org/esquery 581ms (cache miss)
128 silly packumentCache full:https://registry.npmjs.org/esquery set size:undefined disposed:false
129 silly fetch manifest imurmurhash@^0.1.4
130 silly packumentCache full:https://registry.npmjs.org/imurmurhash cache-miss
131 http fetch GET 200 https://registry.npmjs.org/find-up 587ms (cache miss)
132 silly packumentCache full:https://registry.npmjs.org/find-up set size:undefined disposed:false
133 silly fetch manifest @eslint/core@^0.17.0
134 silly packumentCache full:https://registry.npmjs.org/@eslint%2fcore cache-miss
135 http fetch GET 200 https://registry.npmjs.org/debug 622ms (cache miss)
136 silly packumentCache full:https://registry.npmjs.org/debug set size:undefined disposed:false
137 silly fetch manifest eslint-scope@^8.4.0
138 silly packumentCache full:https://registry.npmjs.org/eslint-scope cache-miss
139 http fetch GET 200 https://registry.npmjs.org/ignore 645ms (cache miss)
140 silly packumentCache full:https://registry.npmjs.org/ignore set size:undefined disposed:false
141 silly fetch manifest lodash.merge@^4.6.2
142 silly packumentCache full:https://registry.npmjs.org/lodash.merge cache-miss
143 http fetch GET 200 https://registry.npmjs.org/espree 667ms (cache miss)
144 silly packumentCache full:https://registry.npmjs.org/espree set size:undefined disposed:false
145 silly fetch manifest @humanfs/node@^0.16.6
146 silly packumentCache full:https://registry.npmjs.org/@humanfs%2fnode cache-miss
147 http fetch GET 200 https://registry.npmjs.org/minimatch 500ms (cache miss)
148 silly packumentCache full:https://registry.npmjs.org/minimatch set size:undefined disposed:false
149 silly fetch manifest @types/estree@^1.0.6
150 silly packumentCache full:https://registry.npmjs.org/@types%2festree cache-miss
151 http fetch GET 200 https://registry.npmjs.org/optionator 387ms (cache miss)
152 silly packumentCache full:https://registry.npmjs.org/optionator set size:undefined disposed:false
153 silly fetch manifest fast-deep-equal@^3.1.3
154 silly packumentCache full:https://registry.npmjs.org/fast-deep-equal cache-miss
155 http fetch GET 200 https://registry.npmjs.org/ajv 793ms (cache miss)
156 silly packumentCache full:https://registry.npmjs.org/ajv set size:undefined disposed:false
157 silly fetch manifest natural-compare@^1.4.0
158 silly packumentCache full:https://registry.npmjs.org/natural-compare cache-miss
159 http fetch GET 200 https://registry.npmjs.org/cross-spawn 428ms (cache miss)
160 silly packumentCache full:https://registry.npmjs.org/cross-spawn set size:undefined disposed:false
161 silly fetch manifest @eslint/eslintrc@^3.3.6
162 silly packumentCache full:https://registry.npmjs.org/@eslint%2feslintrc cache-miss
163 http fetch GET 200 https://registry.npmjs.org/glob-parent 298ms (cache miss)
164 silly packumentCache full:https://registry.npmjs.org/glob-parent set size:undefined disposed:false
165 silly fetch manifest file-entry-cache@^8.0.0
166 silly packumentCache full:https://registry.npmjs.org/file-entry-cache cache-miss
167 http fetch GET 200 https://registry.npmjs.org/imurmurhash 335ms (cache miss)
168 silly packumentCache full:https://registry.npmjs.org/imurmurhash set size:undefined disposed:false
169 silly fetch manifest @eslint/plugin-kit@^0.4.1
170 silly packumentCache full:https://registry.npmjs.org/@eslint%2fplugin-kit cache-miss
171 http fetch GET 200 https://registry.npmjs.org/eslint-scope 347ms (cache miss)
172 silly packumentCache full:https://registry.npmjs.org/eslint-scope set size:undefined disposed:false
173 silly fetch manifest eslint-visitor-keys@^4.2.1
174 silly packumentCache full:https://registry.npmjs.org/eslint-visitor-keys cache-miss
175 http fetch GET 200 https://registry.npmjs.org/lodash.merge 358ms (cache miss)
176 silly packumentCache full:https://registry.npmjs.org/lodash.merge set size:undefined disposed:false
177 silly fetch manifest @eslint/config-array@^0.21.2
178 silly packumentCache full:https://registry.npmjs.org/@eslint%2fconfig-array cache-miss
179 http fetch GET 200 https://registry.npmjs.org/@eslint%2fjs 798ms (cache miss)
180 silly packumentCache full:https://registry.npmjs.org/@eslint%2fjs set size:undefined disposed:false
181 silly fetch manifest @humanwhocodes/retry@^0.4.2
182 silly packumentCache full:https://registry.npmjs.org/@humanwhocodes%2fretry cache-miss
183 http fetch GET 200 https://registry.npmjs.org/fast-deep-equal 348ms (cache miss)
184 silly packumentCache full:https://registry.npmjs.org/fast-deep-equal set size:undefined disposed:false
185 silly fetch manifest escape-string-regexp@^4.0.0
186 silly packumentCache full:https://registry.npmjs.org/escape-string-regexp cache-miss
187 http fetch GET 200 https://registry.npmjs.org/natural-compare 331ms (cache miss)
188 silly packumentCache full:https://registry.npmjs.org/natural-compare set size:undefined disposed:false
189 silly fetch manifest @eslint/config-helpers@^0.4.2
190 silly packumentCache full:https://registry.npmjs.org/@eslint%2fconfig-helpers cache-miss
191 http fetch GET 200 https://registry.npmjs.org/file-entry-cache 346ms (cache miss)
192 silly packumentCache full:https://registry.npmjs.org/file-entry-cache set size:undefined disposed:false
193 silly fetch manifest @eslint-community/regexpp@^4.12.1
194 silly packumentCache full:https://registry.npmjs.org/@eslint-community%2fregexpp cache-miss
195 http fetch GET 200 https://registry.npmjs.org/eslint-visitor-keys 339ms (cache miss)
196 silly packumentCache full:https://registry.npmjs.org/eslint-visitor-keys set size:undefined disposed:false
197 silly fetch manifest @eslint-community/eslint-utils@^4.8.0
198 silly packumentCache full:https://registry.npmjs.org/@eslint-community%2feslint-utils cache-miss
199 http fetch GET 200 https://registry.npmjs.org/@types%2festree 630ms (cache miss)
200 silly packumentCache full:https://registry.npmjs.org/@types%2festree set size:undefined disposed:false
201 silly fetch manifest @humanwhocodes/module-importer@^1.0.1
202 silly packumentCache full:https://registry.npmjs.org/@humanwhocodes%2fmodule-importer cache-miss
203 http fetch GET 200 https://registry.npmjs.org/escape-string-regexp 316ms (cache miss)
204 silly packumentCache full:https://registry.npmjs.org/escape-string-regexp set size:undefined disposed:false
205 silly fetch manifest json-stable-stringify-without-jsonify@^1.0.1
206 silly packumentCache full:https://registry.npmjs.org/json-stable-stringify-without-jsonify cache-miss
207 http fetch GET 200 https://registry.npmjs.org/@eslint%2fcore 869ms (cache miss)
208 silly packumentCache full:https://registry.npmjs.org/@eslint%2fcore set size:undefined disposed:false
209 silly fetch manifest globals@16.4.0
210 silly packumentCache full:https://registry.npmjs.org/globals cache-miss
211 http fetch GET 200 https://registry.npmjs.org/@humanfs%2fnode 815ms (cache miss)
212 silly packumentCache full:https://registry.npmjs.org/@humanfs%2fnode set size:undefined disposed:false
213 silly fetch manifest typescript-eslint@^8.46.0
214 silly packumentCache full:https://registry.npmjs.org/typescript-eslint cache-miss
215 http fetch GET 200 https://registry.npmjs.org/@eslint%2feslintrc 903ms (cache miss)
216 silly packumentCache full:https://registry.npmjs.org/@eslint%2feslintrc set size:undefined disposed:false
217 silly fetch manifest eslint-plugin-react@^7.37.0
218 silly packumentCache full:https://registry.npmjs.org/eslint-plugin-react cache-miss
219 http fetch GET 200 https://registry.npmjs.org/json-stable-stringify-without-jsonify 324ms (cache miss)
220 silly packumentCache full:https://registry.npmjs.org/json-stable-stringify-without-jsonify set size:undefined disposed:false
221 silly fetch manifest eslint-plugin-import@^2.32.0
222 silly packumentCache full:https://registry.npmjs.org/eslint-plugin-import cache-miss
223 http fetch GET 200 https://registry.npmjs.org/@eslint%2fplugin-kit 937ms (cache miss)
224 silly packumentCache full:https://registry.npmjs.org/@eslint%2fplugin-kit set size:undefined disposed:false
225 silly fetch manifest eslint-plugin-jsx-a11y@^6.10.0
226 silly packumentCache full:https://registry.npmjs.org/eslint-plugin-jsx-a11y cache-miss
227 http fetch GET 200 https://registry.npmjs.org/@eslint%2fconfig-array 887ms (cache miss)
228 silly packumentCache full:https://registry.npmjs.org/@eslint%2fconfig-array set size:undefined disposed:false
229 silly fetch manifest @next/eslint-plugin-next@16.3.8
230 silly packumentCache full:https://registry.npmjs.org/@next%2feslint-plugin-next cache-miss
231 http fetch GET 200 https://registry.npmjs.org/globals 457ms (cache miss)
232 silly packumentCache full:https://registry.npmjs.org/globals set size:undefined disposed:false
233 silly fetch manifest eslint-plugin-react-hooks@^7.0.0
234 silly packumentCache full:https://registry.npmjs.org/eslint-plugin-react-hooks cache-miss
235 http fetch GET 200 https://registry.npmjs.org/@humanwhocodes%2fretry 887ms (cache miss)
236 silly packumentCache full:https://registry.npmjs.org/@humanwhocodes%2fretry set size:undefined disposed:false
237 silly fetch manifest eslint-import-resolver-node@^0.3.6
238 silly packumentCache full:https://registry.npmjs.org/eslint-import-resolver-node cache-miss
239 http fetch GET 200 https://registry.npmjs.org/@eslint%2fconfig-helpers 837ms (cache miss)
240 silly packumentCache full:https://registry.npmjs.org/@eslint%2fconfig-helpers set size:undefined disposed:false
241 silly fetch manifest eslint-import-resolver-typescript@^3.5.2
242 silly packumentCache full:https://registry.npmjs.org/eslint-import-resolver-typescript cache-miss
243 http fetch GET 200 https://registry.npmjs.org/@eslint-community%2fregexpp 886ms (cache miss)
244 silly packumentCache full:https://registry.npmjs.org/@eslint-community%2fregexpp set size:undefined disposed:false
245 silly fetch manifest postcss@8.5.23
246 silly packumentCache full:https://registry.npmjs.org/postcss cache-miss
247 http fetch GET 200 https://registry.npmjs.org/eslint-plugin-import 406ms (cache miss)
248 silly packumentCache full:https://registry.npmjs.org/eslint-plugin-import set size:undefined disposed:false
249 silly fetch manifest @next/env@16.3.8
250 silly packumentCache full:https://registry.npmjs.org/@next%2fenv cache-miss
251 http fetch GET 200 https://registry.npmjs.org/eslint-plugin-react 487ms (cache miss)
252 silly packumentCache full:https://registry.npmjs.org/eslint-plugin-react set size:undefined disposed:false
253 silly fetch manifest styled-jsx@5.1.6
254 silly packumentCache full:https://registry.npmjs.org/styled-jsx cache-miss
255 http fetch GET 200 https://registry.npmjs.org/typescript-eslint 752ms (cache miss)
256 silly packumentCache full:https://registry.npmjs.org/typescript-eslint set size:undefined disposed:false
257 silly fetch manifest @swc/helpers@0.5.23
258 silly packumentCache full:https://registry.npmjs.org/@swc%2fhelpers cache-miss
259 http fetch GET 200 https://registry.npmjs.org/@eslint-community%2feslint-utils 1020ms (cache miss)
260 silly packumentCache full:https://registry.npmjs.org/@eslint-community%2feslint-utils set size:undefined disposed:false
261 silly fetch manifest caniuse-lite@^1.0.30001579
262 silly packumentCache full:https://registry.npmjs.org/caniuse-lite cache-miss
263 http fetch GET 200 https://registry.npmjs.org/@humanwhocodes%2fmodule-importer 988ms (cache miss)
264 silly packumentCache full:https://registry.npmjs.org/@humanwhocodes%2fmodule-importer set size:undefined disposed:false
265 silly fetch manifest baseline-browser-mapping@^2.9.19
266 silly packumentCache full:https://registry.npmjs.org/baseline-browser-mapping cache-miss
267 http fetch GET 200 https://registry.npmjs.org/eslint-import-resolver-node 464ms (cache miss)
268 silly packumentCache full:https://registry.npmjs.org/eslint-import-resolver-node set size:undefined disposed:false
269 silly fetch manifest sharp@^0.35.4
270 silly packumentCache full:https://registry.npmjs.org/sharp cache-miss
271 http fetch GET 200 https://registry.npmjs.org/eslint-plugin-jsx-a11y 568ms (cache miss)
272 silly packumentCache full:https://registry.npmjs.org/eslint-plugin-jsx-a11y set size:undefined disposed:false
273 silly fetch manifest @next/swc-darwin-x64@16.3.8
274 silly packumentCache full:https://registry.npmjs.org/@next%2fswc-darwin-x64 cache-miss
275 http fetch GET 200 https://registry.npmjs.org/eslint-import-resolver-typescript 478ms (cache miss)
276 silly packumentCache full:https://registry.npmjs.org/eslint-import-resolver-typescript set size:undefined disposed:false
277 silly fetch manifest @next/swc-darwin-arm64@16.3.8
278 silly packumentCache full:https://registry.npmjs.org/@next%2fswc-darwin-arm64 cache-miss
279 http fetch GET 200 https://registry.npmjs.org/postcss 452ms (cache miss)
280 silly packumentCache full:https://registry.npmjs.org/postcss set size:undefined disposed:false
281 silly fetch manifest @next/swc-linux-x64-gnu@16.3.8
282 silly packumentCache full:https://registry.npmjs.org/@next%2fswc-linux-x64-gnu cache-miss
283 http fetch GET 200 https://registry.npmjs.org/styled-jsx 439ms (cache miss)
284 silly packumentCache full:https://registry.npmjs.org/styled-jsx set size:undefined disposed:false
285 silly fetch manifest @next/swc-linux-x64-musl@16.3.8
286 silly packumentCache full:https://registry.npmjs.org/@next%2fswc-linux-x64-musl cache-miss
287 http fetch GET 200 https://registry.npmjs.org/baseline-browser-mapping 450ms (cache miss)
288 silly packumentCache full:https://registry.npmjs.org/baseline-browser-mapping set size:undefined disposed:false
289 silly fetch manifest @next/swc-win32-x64-msvc@16.3.8
290 silly packumentCache full:https://registry.npmjs.org/@next%2fswc-win32-x64-msvc cache-miss
291 http fetch GET 200 https://registry.npmjs.org/sharp 550ms (cache miss)
292 silly packumentCache full:https://registry.npmjs.org/sharp set size:undefined disposed:false
293 silly fetch manifest @next/swc-linux-arm64-gnu@16.3.8
294 silly packumentCache full:https://registry.npmjs.org/@next%2fswc-linux-arm64-gnu cache-miss
295 http fetch GET 200 https://registry.npmjs.org/caniuse-lite 724ms (cache miss)
296 silly packumentCache full:https://registry.npmjs.org/caniuse-lite set size:undefined disposed:false
297 silly fetch manifest @next/swc-linux-arm64-musl@16.3.8
298 silly packumentCache full:https://registry.npmjs.org/@next%2fswc-linux-arm64-musl cache-miss
299 http fetch GET 200 https://registry.npmjs.org/@swc%2fhelpers 947ms (cache miss)
300 silly packumentCache full:https://registry.npmjs.org/@swc%2fhelpers set size:undefined disposed:false
301 silly fetch manifest @next/swc-win32-arm64-msvc@16.3.8
302 silly packumentCache full:https://registry.npmjs.org/@next%2fswc-win32-arm64-msvc cache-miss
303 http fetch GET 200 https://registry.npmjs.org/eslint-plugin-react-hooks 1417ms (cache miss)
304 silly packumentCache full:https://registry.npmjs.org/eslint-plugin-react-hooks set size:undefined disposed:false
305 silly fetch manifest scheduler@^0.28.0
306 silly packumentCache full:https://registry.npmjs.org/scheduler cache-miss
307 http fetch GET 200 https://registry.npmjs.org/@next%2feslint-plugin-next 2252ms (cache miss)
308 silly packumentCache full:https://registry.npmjs.org/@next%2feslint-plugin-next set size:undefined disposed:false
309 http fetch GET 200 https://registry.npmjs.org/@next%2fenv 2469ms (cache miss)
310 silly packumentCache full:https://registry.npmjs.org/@next%2fenv set size:undefined disposed:false
311 http fetch GET 200 https://registry.npmjs.org/@next%2fswc-darwin-x64 2497ms (cache miss)
312 silly packumentCache full:https://registry.npmjs.org/@next%2fswc-darwin-x64 set size:undefined disposed:false
313 http fetch GET 200 https://registry.npmjs.org/@next%2fswc-linux-x64-musl 2395ms (cache miss)
314 silly packumentCache full:https://registry.npmjs.org/@next%2fswc-linux-x64-musl set size:undefined disposed:false
315 http fetch GET 200 https://registry.npmjs.org/@next%2fswc-darwin-arm64 2699ms (cache miss)
316 silly packumentCache full:https://registry.npmjs.org/@next%2fswc-darwin-arm64 set size:undefined disposed:false
317 http fetch GET 200 https://registry.npmjs.org/@next%2fswc-linux-x64-gnu 2732ms (cache miss)
318 silly packumentCache full:https://registry.npmjs.org/@next%2fswc-linux-x64-gnu set size:undefined disposed:false
319 http fetch GET 200 https://registry.npmjs.org/@next%2fswc-linux-arm64-gnu 2606ms (cache miss)
320 silly packumentCache full:https://registry.npmjs.org/@next%2fswc-linux-arm64-gnu set size:undefined disposed:false
321 http fetch GET 200 https://registry.npmjs.org/@next%2fswc-win32-x64-msvc 2836ms (cache miss)
322 silly packumentCache full:https://registry.npmjs.org/@next%2fswc-win32-x64-msvc set size:undefined disposed:false
323 http fetch GET 200 https://registry.npmjs.org/scheduler 2338ms (cache miss)
324 silly packumentCache full:https://registry.npmjs.org/scheduler set size:undefined disposed:false
325 http fetch GET 200 https://registry.npmjs.org/@next%2fswc-linux-arm64-musl 2756ms (cache miss)
326 silly packumentCache full:https://registry.npmjs.org/@next%2fswc-linux-arm64-musl set size:undefined disposed:false
327 http fetch GET 200 https://registry.npmjs.org/@next%2fswc-win32-arm64-msvc 2726ms (cache miss)
328 silly packumentCache full:https://registry.npmjs.org/@next%2fswc-win32-arm64-msvc set size:undefined disposed:false
329 silly placeDep ROOT undici-types@7.24.6 OK for: @types/node@24.19.0 want: >=7.24.0 <7.24.7
330 silly placeDep ROOT csstype@3.2.3 OK for: @types/react@19.3.0 want: ^3.2.2
331 silly fetch manifest eslint@^6.0.0 || ^7.0.0 || >=8.0.0
332 silly packumentCache full:https://registry.npmjs.org/eslint cache-miss
333 http cache https://registry.npmjs.org/eslint 49ms (cache hit)
334 silly packumentCache full:https://registry.npmjs.org/eslint set size:2085131 disposed:false
335 silly placeDep ROOT @eslint-community/eslint-utils@4.10.1 OK for: eslint@9.39.5 want: ^4.8.0
336 silly placeDep ROOT @eslint-community/regexpp@4.12.2 OK for: eslint@9.39.5 want: ^4.12.1
337 silly placeDep ROOT @eslint/config-array@0.21.2 OK for: eslint@9.39.5 want: ^0.21.2
338 silly placeDep ROOT @eslint/config-helpers@0.4.2 OK for: eslint@9.39.5 want: ^0.4.2
339 silly placeDep ROOT @eslint/core@0.17.0 OK for: eslint@9.39.5 want: ^0.17.0
340 silly placeDep ROOT @eslint/eslintrc@3.3.7 OK for: eslint@9.39.5 want: ^3.3.6
341 silly placeDep ROOT @eslint/js@9.39.5 OK for: eslint@9.39.5 want: 9.39.5
342 silly placeDep ROOT @eslint/plugin-kit@0.4.1 OK for: eslint@9.39.5 want: ^0.4.1
343 silly placeDep ROOT @humanfs/node@0.16.8 OK for: eslint@9.39.5 want: ^0.16.6
344 silly placeDep ROOT @humanwhocodes/module-importer@1.0.1 OK for: eslint@9.39.5 want: ^1.0.1
345 silly placeDep ROOT @humanwhocodes/retry@0.4.3 OK for: eslint@9.39.5 want: ^0.4.2
346 silly placeDep ROOT @types/estree@1.0.9 OK for: eslint@9.39.5 want: ^1.0.6
347 silly placeDep ROOT ajv@6.15.0 OK for: eslint@9.39.5 want: ^6.14.0
348 silly placeDep ROOT chalk@4.1.2 OK for: eslint@9.39.5 want: ^4.0.0
349 silly placeDep ROOT cross-spawn@7.0.6 OK for: eslint@9.39.5 want: ^7.0.6
350 silly placeDep ROOT debug@4.4.3 OK for: eslint@9.39.5 want: ^4.3.2
351 silly placeDep ROOT escape-string-regexp@4.0.0 OK for: eslint@9.39.5 want: ^4.0.0
352 silly placeDep ROOT eslint-scope@8.4.0 OK for: eslint@9.39.5 want: ^8.4.0
353 silly placeDep ROOT eslint-visitor-keys@4.2.1 OK for: eslint@9.39.5 want: ^4.2.1
354 silly placeDep ROOT espree@10.4.0 OK for: eslint@9.39.5 want: ^10.4.0
355 silly placeDep ROOT esquery@1.7.0 OK for: eslint@9.39.5 want: ^1.5.0
356 silly placeDep ROOT esutils@2.0.3 OK for: eslint@9.39.5 want: ^2.0.2
357 silly placeDep ROOT fast-deep-equal@3.1.3 OK for: eslint@9.39.5 want: ^3.1.3
358 silly placeDep ROOT file-entry-cache@8.0.0 OK for: eslint@9.39.5 want: ^8.0.0
359 silly placeDep ROOT find-up@5.0.0 OK for: eslint@9.39.5 want: ^5.0.0
360 silly placeDep ROOT glob-parent@6.0.2 OK for: eslint@9.39.5 want: ^6.0.2
361 silly placeDep ROOT ignore@5.3.2 OK for: eslint@9.39.5 want: ^5.2.0
362 silly placeDep ROOT imurmurhash@0.1.4 OK for: eslint@9.39.5 want: ^0.1.4
363 silly placeDep ROOT is-glob@4.0.3 OK for: eslint@9.39.5 want: ^4.0.0
364 silly placeDep ROOT json-stable-stringify-without-jsonify@1.0.1 OK for: eslint@9.39.5 want: ^1.0.1
365 silly placeDep ROOT lodash.merge@4.6.2 OK for: eslint@9.39.5 want: ^4.6.2
366 silly placeDep ROOT minimatch@3.1.5 OK for: eslint@9.39.5 want: ^3.1.5
367 silly placeDep ROOT natural-compare@1.4.0 OK for: eslint@9.39.5 want: ^1.4.0
368 silly placeDep ROOT optionator@0.9.4 OK for: eslint@9.39.5 want: ^0.9.3
369 silly fetch manifest eslint-visitor-keys@^3.4.3
370 silly packumentCache full:https://registry.npmjs.org/eslint-visitor-keys cache-miss
371 silly fetch manifest debug@^4.3.1
372 silly packumentCache full:https://registry.npmjs.org/debug cache-miss
373 silly fetch manifest @eslint/object-schema@^2.1.7
374 silly packumentCache full:https://registry.npmjs.org/@eslint%2fobject-schema cache-miss
375 silly fetch manifest @types/json-schema@^7.0.15
376 silly packumentCache full:https://registry.npmjs.org/@types%2fjson-schema cache-miss
377 silly fetch manifest espree@^10.0.1
378 silly packumentCache full:https://registry.npmjs.org/espree cache-miss
379 silly fetch manifest globals@^14.0.0
380 silly packumentCache full:https://registry.npmjs.org/globals cache-miss
381 silly fetch manifest js-yaml@^4.3.2
382 silly packumentCache full:https://registry.npmjs.org/js-yaml cache-miss
383 silly fetch manifest import-fresh@^3.2.1
384 silly packumentCache full:https://registry.npmjs.org/import-fresh cache-miss
385 silly fetch manifest strip-json-comments@^3.1.1
386 silly packumentCache full:https://registry.npmjs.org/strip-json-comments cache-miss
387 silly fetch manifest levn@^0.4.1
388 silly packumentCache full:https://registry.npmjs.org/levn cache-miss
389 silly fetch manifest @humanfs/core@^0.19.2
390 silly packumentCache full:https://registry.npmjs.org/@humanfs%2fcore cache-miss
391 http cache https://registry.npmjs.org/debug 67ms (cache hit)
392 silly packumentCache full:https://registry.npmjs.org/debug set size:195840 disposed:false
393 silly fetch manifest @humanfs/types@^0.15.0
394 silly packumentCache full:https://registry.npmjs.org/@humanfs%2ftypes cache-miss
395 http cache https://registry.npmjs.org/eslint-visitor-keys 84ms (cache hit)
396 silly packumentCache full:https://registry.npmjs.org/eslint-visitor-keys set size:69949 disposed:false
397 silly fetch manifest @humanwhocodes/retry@^0.4.0
398 silly packumentCache full:https://registry.npmjs.org/@humanwhocodes%2fretry cache-miss
399 http cache https://registry.npmjs.org/espree 85ms (cache hit)
400 silly packumentCache full:https://registry.npmjs.org/espree set size:326080 disposed:false
401 silly fetch manifest uri-js@^4.2.2
402 silly packumentCache full:https://registry.npmjs.org/uri-js cache-miss
403 http cache https://registry.npmjs.org/globals 98ms (cache hit)
404 silly packumentCache full:https://registry.npmjs.org/globals set size:338968 disposed:false
405 silly fetch manifest fast-deep-equal@^3.1.1
406 silly packumentCache full:https://registry.npmjs.org/fast-deep-equal cache-miss
407 http cache https://registry.npmjs.org/@humanwhocodes%2fretry 53ms (cache hit)
408 silly packumentCache full:https://registry.npmjs.org/@humanwhocodes%2fretry set size:42348 disposed:false
409 silly fetch manifest json-schema-traverse@^0.4.1
410 silly packumentCache full:https://registry.npmjs.org/json-schema-traverse cache-miss
411 http cache https://registry.npmjs.org/fast-deep-equal 33ms (cache hit)
412 silly packumentCache full:https://registry.npmjs.org/fast-deep-equal set size:48634 disposed:false
413 silly fetch manifest fast-json-stable-stringify@^2.0.0
414 silly packumentCache full:https://registry.npmjs.org/fast-json-stable-stringify cache-miss
415 http fetch GET 200 https://registry.npmjs.org/import-fresh 345ms (cache miss)
416 silly packumentCache full:https://registry.npmjs.org/import-fresh set size:undefined disposed:false
417 silly fetch manifest ansi-styles@^4.1.0
418 silly packumentCache full:https://registry.npmjs.org/ansi-styles cache-miss
419 http fetch GET 200 https://registry.npmjs.org/levn 368ms (cache miss)
420 silly packumentCache full:https://registry.npmjs.org/levn set size:undefined disposed:false
421 silly fetch manifest supports-color@^7.1.0
422 silly packumentCache full:https://registry.npmjs.org/supports-color cache-miss
423 http fetch GET 200 https://registry.npmjs.org/js-yaml 386ms (cache miss)
424 silly packumentCache full:https://registry.npmjs.org/js-yaml set size:undefined disposed:false
425 silly fetch manifest which@^2.0.1
426 silly packumentCache full:https://registry.npmjs.org/which cache-miss
427 http fetch GET 200 https://registry.npmjs.org/strip-json-comments 402ms (cache miss)
428 silly packumentCache full:https://registry.npmjs.org/strip-json-comments set size:undefined disposed:false
429 silly fetch manifest path-key@^3.1.0
430 silly packumentCache full:https://registry.npmjs.org/path-key cache-miss
431 http fetch GET 200 https://registry.npmjs.org/ansi-styles 103ms (cache miss)
432 silly packumentCache full:https://registry.npmjs.org/ansi-styles set size:undefined disposed:false
433 silly fetch manifest shebang-command@^2.0.0
434 silly packumentCache full:https://registry.npmjs.org/shebang-command cache-miss
435 http fetch GET 200 https://registry.npmjs.org/supports-color 91ms (cache miss)
436 silly packumentCache full:https://registry.npmjs.org/supports-color set size:undefined disposed:false
437 silly fetch manifest ms@^2.1.3
438 silly packumentCache full:https://registry.npmjs.org/ms cache-miss
439 http fetch GET 200 https://registry.npmjs.org/uri-js 400ms (cache miss)
440 silly packumentCache full:https://registry.npmjs.org/uri-js set size:undefined disposed:false
441 silly fetch manifest esrecurse@^4.3.0
442 silly packumentCache full:https://registry.npmjs.org/esrecurse cache-miss
443 http fetch GET 200 https://registry.npmjs.org/json-schema-traverse 366ms (cache miss)
444 silly packumentCache full:https://registry.npmjs.org/json-schema-traverse set size:undefined disposed:false
445 silly fetch manifest estraverse@^5.2.0
446 silly packumentCache full:https://registry.npmjs.org/estraverse cache-miss
447 http fetch GET 200 https://registry.npmjs.org/fast-json-stable-stringify 366ms (cache miss)
448 silly packumentCache full:https://registry.npmjs.org/fast-json-stable-stringify set size:undefined disposed:false
449 silly fetch manifest acorn@^8.15.0
450 silly packumentCache full:https://registry.npmjs.org/acorn cache-miss
451 http fetch GET 200 https://registry.npmjs.org/path-key 106ms (cache miss)
452 silly packumentCache full:https://registry.npmjs.org/path-key set size:undefined disposed:false
453 silly fetch manifest acorn-jsx@^5.3.2
454 silly packumentCache full:https://registry.npmjs.org/acorn-jsx cache-miss
455 http fetch GET 200 https://registry.npmjs.org/@types%2fjson-schema 628ms (cache miss)
456 silly packumentCache full:https://registry.npmjs.org/@types%2fjson-schema set size:undefined disposed:false
457 silly fetch manifest estraverse@^5.1.0
458 silly packumentCache full:https://registry.npmjs.org/estraverse cache-miss
459 http fetch GET 200 https://registry.npmjs.org/which 324ms (cache miss)
460 silly packumentCache full:https://registry.npmjs.org/which set size:undefined disposed:false
461 silly fetch manifest flat-cache@^4.0.0
462 silly packumentCache full:https://registry.npmjs.org/flat-cache cache-miss
463 http fetch GET 200 https://registry.npmjs.org/shebang-command 391ms (cache miss)
464 silly packumentCache full:https://registry.npmjs.org/shebang-command set size:undefined disposed:false
465 silly fetch manifest locate-path@^6.0.0
466 silly packumentCache full:https://registry.npmjs.org/locate-path cache-miss
467 http fetch GET 200 https://registry.npmjs.org/@eslint%2fobject-schema 885ms (cache miss)
468 silly packumentCache full:https://registry.npmjs.org/@eslint%2fobject-schema set size:undefined disposed:false
469 silly fetch manifest path-exists@^4.0.0
470 silly packumentCache full:https://registry.npmjs.org/path-exists cache-miss
471 http fetch GET 200 https://registry.npmjs.org/@humanfs%2fcore 875ms (cache miss)
472 silly packumentCache full:https://registry.npmjs.org/@humanfs%2fcore set size:undefined disposed:false
473 silly fetch manifest is-glob@^4.0.3
474 silly packumentCache full:https://registry.npmjs.org/is-glob cache-miss
475 http fetch GET 200 https://registry.npmjs.org/esrecurse 394ms (cache miss)
476 silly packumentCache full:https://registry.npmjs.org/esrecurse set size:undefined disposed:false
477 silly fetch manifest is-extglob@^2.1.1
478 silly packumentCache full:https://registry.npmjs.org/is-extglob cache-miss
479 http fetch GET 200 https://registry.npmjs.org/ms 439ms (cache miss)
480 silly packumentCache full:https://registry.npmjs.org/ms set size:undefined disposed:false
481 silly fetch manifest brace-expansion@^1.1.7
482 silly packumentCache full:https://registry.npmjs.org/brace-expansion cache-miss
483 http fetch GET 200 https://registry.npmjs.org/estraverse 308ms (cache miss)
484 silly packumentCache full:https://registry.npmjs.org/estraverse set size:undefined disposed:false
485 silly fetch manifest prelude-ls@^1.2.1
486 silly packumentCache full:https://registry.npmjs.org/prelude-ls cache-miss
487 http fetch GET 200 https://registry.npmjs.org/estraverse 437ms (cache miss)
488 silly packumentCache full:https://registry.npmjs.org/estraverse set size:undefined disposed:false
489 silly fetch manifest deep-is@^0.1.3
490 silly packumentCache full:https://registry.npmjs.org/deep-is cache-miss
491 http fetch GET 200 https://registry.npmjs.org/@humanfs%2ftypes 895ms (cache miss)
492 silly packumentCache full:https://registry.npmjs.org/@humanfs%2ftypes set size:undefined disposed:false
493 silly fetch manifest word-wrap@^1.2.5
494 silly packumentCache full:https://registry.npmjs.org/word-wrap cache-miss
495 http fetch GET 200 https://registry.npmjs.org/acorn-jsx 448ms (cache miss)
496 silly packumentCache full:https://registry.npmjs.org/acorn-jsx set size:undefined disposed:false
497 silly fetch manifest type-check@^0.4.0
498 silly packumentCache full:https://registry.npmjs.org/type-check cache-miss
499 http cache https://registry.npmjs.org/is-glob 104ms (cache hit)
500 silly packumentCache full:https://registry.npmjs.org/is-glob set size:40530 disposed:false
501 silly fetch manifest fast-levenshtein@^2.0.6
502 silly packumentCache full:https://registry.npmjs.org/fast-levenshtein cache-miss
503 http fetch GET 200 https://registry.npmjs.org/deep-is 78ms (cache miss)
504 silly packumentCache full:https://registry.npmjs.org/deep-is set size:undefined disposed:false
505 http fetch GET 200 https://registry.npmjs.org/acorn 515ms (cache miss)
506 silly packumentCache full:https://registry.npmjs.org/acorn set size:undefined disposed:false
507 http fetch GET 200 https://registry.npmjs.org/flat-cache 363ms (cache miss)
508 silly packumentCache full:https://registry.npmjs.org/flat-cache set size:undefined disposed:false
509 http fetch GET 200 https://registry.npmjs.org/locate-path 328ms (cache miss)
510 silly packumentCache full:https://registry.npmjs.org/locate-path set size:undefined disposed:false
511 http fetch GET 200 https://registry.npmjs.org/is-extglob 337ms (cache miss)
512 silly packumentCache full:https://registry.npmjs.org/is-extglob set size:undefined disposed:false
513 http fetch GET 200 https://registry.npmjs.org/path-exists 366ms (cache miss)
514 silly packumentCache full:https://registry.npmjs.org/path-exists set size:undefined disposed:false
515 http fetch GET 200 https://registry.npmjs.org/brace-expansion 335ms (cache miss)
516 silly packumentCache full:https://registry.npmjs.org/brace-expansion set size:undefined disposed:false
517 http fetch GET 200 https://registry.npmjs.org/fast-levenshtein 308ms (cache miss)
518 silly packumentCache full:https://registry.npmjs.org/fast-levenshtein set size:undefined disposed:false
519 http fetch GET 200 https://registry.npmjs.org/type-check 345ms (cache miss)
520 silly packumentCache full:https://registry.npmjs.org/type-check set size:undefined disposed:false
521 http fetch GET 200 https://registry.npmjs.org/prelude-ls 401ms (cache miss)
522 silly packumentCache full:https://registry.npmjs.org/prelude-ls set size:undefined disposed:false
523 http fetch GET 200 https://registry.npmjs.org/word-wrap 384ms (cache miss)
524 silly packumentCache full:https://registry.npmjs.org/word-wrap set size:undefined disposed:false
525 silly placeDep node_modules/@eslint-community/eslint-utils eslint-visitor-keys@3.4.3 OK for: @eslint-community/eslint-utils@4.10.1 want: ^3.4.3
526 silly placeDep ROOT @eslint/object-schema@2.1.7 OK for: @eslint/config-array@0.21.2 want: ^2.1.7
527 silly placeDep ROOT @types/json-schema@7.0.15 OK for: @eslint/core@0.17.0 want: ^7.0.15
528 silly placeDep ROOT globals@14.0.0 OK for: @eslint/eslintrc@3.3.7 want: ^14.0.0
529 silly placeDep ROOT import-fresh@3.3.1 OK for: @eslint/eslintrc@3.3.7 want: ^3.2.1
530 silly placeDep ROOT js-yaml@4.3.2 OK for: @eslint/eslintrc@3.3.7 want: ^4.3.2
531 silly placeDep ROOT strip-json-comments@3.1.1 OK for: @eslint/eslintrc@3.3.7 want: ^3.1.1
532 silly fetch manifest resolve-from@^4.0.0
533 silly packumentCache full:https://registry.npmjs.org/resolve-from cache-miss
534 silly fetch manifest parent-module@^1.0.0
535 silly packumentCache full:https://registry.npmjs.org/parent-module cache-miss
536 silly fetch manifest argparse@^2.0.1
537 silly packumentCache full:https://registry.npmjs.org/argparse cache-miss
538 http fetch GET 200 https://registry.npmjs.org/argparse 323ms (cache miss)
539 silly packumentCache full:https://registry.npmjs.org/argparse set size:undefined disposed:false
540 http fetch GET 200 https://registry.npmjs.org/parent-module 353ms (cache miss)
541 silly packumentCache full:https://registry.npmjs.org/parent-module set size:undefined disposed:false
542 http fetch GET 200 https://registry.npmjs.org/resolve-from 375ms (cache miss)
543 silly packumentCache full:https://registry.npmjs.org/resolve-from set size:undefined disposed:false
544 silly placeDep ROOT levn@0.4.1 OK for: @eslint/plugin-kit@0.4.1 want: ^0.4.1
545 silly fetch manifest type-check@~0.4.0
546 silly packumentCache full:https://registry.npmjs.org/type-check cache-miss
547 http cache https://registry.npmjs.org/type-check 18ms (cache hit)
548 silly packumentCache full:https://registry.npmjs.org/type-check set size:21221 disposed:false
549 silly placeDep ROOT @humanfs/core@0.19.2 OK for: @humanfs/node@0.16.8 want: ^0.19.2
550 silly placeDep ROOT @humanfs/types@0.15.0 OK for: @humanfs/node@0.16.8 want: ^0.15.0
551 silly placeDep ROOT fast-json-stable-stringify@2.1.0 OK for: ajv@6.15.0 want: ^2.0.0
552 silly placeDep ROOT json-schema-traverse@0.4.1 OK for: ajv@6.15.0 want: ^0.4.1
553 silly placeDep ROOT uri-js@4.4.1 OK for: ajv@6.15.0 want: ^4.2.2
554 silly fetch manifest punycode@^2.1.0
555 silly packumentCache full:https://registry.npmjs.org/punycode cache-miss
556 http fetch GET 200 https://registry.npmjs.org/punycode 402ms (cache miss)
557 silly packumentCache full:https://registry.npmjs.org/punycode set size:undefined disposed:false
558 silly placeDep ROOT ansi-styles@4.3.0 OK for: chalk@4.1.2 want: ^4.1.0
559 silly placeDep ROOT supports-color@7.2.0 OK for: chalk@4.1.2 want: ^7.1.0
560 silly fetch manifest color-convert@^2.0.1
561 silly packumentCache full:https://registry.npmjs.org/color-convert cache-miss
562 silly fetch manifest has-flag@^4.0.0
563 silly packumentCache full:https://registry.npmjs.org/has-flag cache-miss
564 http fetch GET 200 https://registry.npmjs.org/has-flag 409ms (cache miss)
565 silly packumentCache full:https://registry.npmjs.org/has-flag set size:undefined disposed:false
566 http fetch GET 200 https://registry.npmjs.org/color-convert 418ms (cache miss)
567 silly packumentCache full:https://registry.npmjs.org/color-convert set size:undefined disposed:false
568 silly placeDep ROOT color-convert@2.0.1 OK for: ansi-styles@4.3.0 want: ^2.0.1
569 silly fetch manifest color-name@~1.1.4
570 silly packumentCache full:https://registry.npmjs.org/color-name cache-miss
571 http fetch GET 200 https://registry.npmjs.org/color-name 387ms (cache miss)
572 silly packumentCache full:https://registry.npmjs.org/color-name set size:undefined disposed:false
573 silly placeDep ROOT color-name@1.1.4 OK for: color-convert@2.0.1 want: ~1.1.4
574 silly placeDep ROOT path-key@3.1.1 OK for: cross-spawn@7.0.6 want: ^3.1.0
575 silly placeDep ROOT shebang-command@2.0.0 OK for: cross-spawn@7.0.6 want: ^2.0.0
576 silly placeDep ROOT which@2.0.2 OK for: cross-spawn@7.0.6 want: ^2.0.1
577 silly fetch manifest shebang-regex@^3.0.0
578 silly packumentCache full:https://registry.npmjs.org/shebang-regex cache-miss
579 silly fetch manifest isexe@^2.0.0
580 silly packumentCache full:https://registry.npmjs.org/isexe cache-miss
581 http fetch GET 200 https://registry.npmjs.org/isexe 46ms (cache miss)
582 silly packumentCache full:https://registry.npmjs.org/isexe set size:undefined disposed:false
583 http fetch GET 200 https://registry.npmjs.org/shebang-regex 334ms (cache miss)
584 silly packumentCache full:https://registry.npmjs.org/shebang-regex set size:undefined disposed:false
585 silly placeDep ROOT ms@2.1.3 OK for: debug@4.4.3 want: ^2.1.3
586 silly fetch manifest eslint@>=9.0.0
587 silly packumentCache full:https://registry.npmjs.org/eslint cache-miss
588 http cache https://registry.npmjs.org/eslint 42ms (cache hit)
589 silly packumentCache full:https://registry.npmjs.org/eslint set size:2085131 disposed:false
590 silly fetch manifest typescript@>=3.3.1
591 silly packumentCache full:https://registry.npmjs.org/typescript cache-miss
592 http cache https://registry.npmjs.org/typescript 117ms (cache hit)
593 silly packumentCache full:https://registry.npmjs.org/typescript set size:15735824 disposed:false
594 silly fetch manifest typescript@>=4.8.4 <6.1.0
595 silly packumentCache full:https://registry.npmjs.org/typescript cache-miss
596 http cache https://registry.npmjs.org/typescript 140ms (cache hit)
597 silly packumentCache full:https://registry.npmjs.org/typescript set size:15735824 disposed:false
598 silly fetch manifest eslint@^3 || ^4 || ^5 || ^6 || ^7 || ^8 || ^9.7
599 silly packumentCache full:https://registry.npmjs.org/eslint cache-miss
600 http cache https://registry.npmjs.org/eslint 61ms (cache hit)
601 silly packumentCache full:https://registry.npmjs.org/eslint set size:2085131 disposed:false
602 silly fetch manifest eslint@^2 || ^3 || ^4 || ^5 || ^6 || ^7.2.0 || ^8 || ^9
603 silly packumentCache full:https://registry.npmjs.org/eslint cache-miss
604 http cache https://registry.npmjs.org/eslint 32ms (cache hit)
605 silly packumentCache full:https://registry.npmjs.org/eslint set size:2085131 disposed:false
606 silly fetch manifest eslint@^3 || ^4 || ^5 || ^6 || ^7 || ^8 || ^9
607 silly packumentCache full:https://registry.npmjs.org/eslint cache-miss
608 http cache https://registry.npmjs.org/eslint 41ms (cache hit)
609 silly packumentCache full:https://registry.npmjs.org/eslint set size:2085131 disposed:false
610 silly fetch manifest eslint-plugin-import-x@*
611 silly packumentCache full:https://registry.npmjs.org/eslint-plugin-import-x cache-miss
612 http fetch GET 200 https://registry.npmjs.org/eslint-plugin-import-x 350ms (cache miss)
613 silly packumentCache full:https://registry.npmjs.org/eslint-plugin-import-x set size:undefined disposed:false
614 silly fetch manifest @typescript-eslint/utils@^8.56.0
615 silly packumentCache full:https://registry.npmjs.org/@typescript-eslint%2futils cache-miss
616 http fetch GET 200 https://registry.npmjs.org/@typescript-eslint%2futils 1257ms (cache miss)
617 silly packumentCache full:https://registry.npmjs.org/@typescript-eslint%2futils set size:undefined disposed:false
618 silly placeDep ROOT @next/eslint-plugin-next@16.3.8 OK for: eslint-config-next@16.3.8 want: 16.3.8
619 silly placeDep ROOT eslint-import-resolver-node@0.3.10 OK for: eslint-config-next@16.3.8 want: ^0.3.6
620 silly placeDep ROOT eslint-import-resolver-typescript@3.10.1 OK for: eslint-config-next@16.3.8 want: ^3.5.2
621 silly placeDep ROOT eslint-plugin-import@2.32.0 OK for: eslint-config-next@16.3.8 want: ^2.32.0
622 silly placeDep ROOT eslint-plugin-jsx-a11y@6.10.2 OK for: eslint-config-next@16.3.8 want: ^6.10.0
623 silly placeDep ROOT eslint-plugin-react@7.37.5 OK for: eslint-config-next@16.3.8 want: ^7.37.0
624 silly placeDep ROOT eslint-plugin-react-hooks@7.1.1 OK for: eslint-config-next@16.3.8 want: ^7.0.0
625 silly placeDep node_modules/eslint-config-next globals@16.4.0 OK for: eslint-config-next@16.3.8 want: 16.4.0
626 silly placeDep ROOT typescript-eslint@8.71.0 OK for: eslint-config-next@16.3.8 want: ^8.46.0
627 silly fetch manifest fast-glob@3.3.1
628 silly packumentCache full:https://registry.npmjs.org/fast-glob cache-miss
629 silly fetch manifest @eslint-community/eslint-utils@4.9.1
630 silly packumentCache full:https://registry.npmjs.org/@eslint-community%2feslint-utils cache-miss
631 silly fetch manifest debug@^3.2.7
632 silly packumentCache full:https://registry.npmjs.org/debug cache-hit
633 silly fetch manifest resolve@^2.0.0-next.6
634 silly packumentCache full:https://registry.npmjs.org/resolve cache-miss
635 silly fetch manifest is-core-module@^2.16.1
636 silly packumentCache full:https://registry.npmjs.org/is-core-module cache-miss
637 silly fetch manifest tinyglobby@^0.2.13
638 silly packumentCache full:https://registry.npmjs.org/tinyglobby cache-miss
639 silly fetch manifest stable-hash@^0.0.5
640 silly packumentCache full:https://registry.npmjs.org/stable-hash cache-miss
641 silly fetch manifest get-tsconfig@^4.10.0
642 silly packumentCache full:https://registry.npmjs.org/get-tsconfig cache-miss
643 silly fetch manifest is-bun-module@^2.0.0
644 silly packumentCache full:https://registry.npmjs.org/is-bun-module cache-miss
645 silly fetch manifest unrs-resolver@^1.6.2
646 silly packumentCache full:https://registry.npmjs.org/unrs-resolver cache-miss
647 silly fetch manifest @nolyfill/is-core-module@1.0.39
648 silly packumentCache full:https://registry.npmjs.org/@nolyfill%2fis-core-module cache-miss
649 silly fetch manifest @rtsao/scc@^1.1.0
650 silly packumentCache full:https://registry.npmjs.org/@rtsao%2fscc cache-miss
651 http cache https://registry.npmjs.org/@eslint-community%2feslint-utils 107ms (cache hit)
652 silly packumentCache full:https://registry.npmjs.org/@eslint-community%2feslint-utils set size:108339 disposed:false
653 silly fetch manifest array-includes@^3.1.9
654 silly packumentCache full:https://registry.npmjs.org/array-includes cache-miss
655 http fetch GET 200 https://registry.npmjs.org/tinyglobby 112ms (cache miss)
656 silly packumentCache full:https://registry.npmjs.org/tinyglobby set size:undefined disposed:false
657 silly fetch manifest array.prototype.findlastindex@^1.2.6
658 silly packumentCache full:https://registry.npmjs.org/array.prototype.findlastindex cache-miss
659 http fetch GET 200 https://registry.npmjs.org/is-core-module 462ms (cache miss)
660 silly packumentCache full:https://registry.npmjs.org/is-core-module set size:undefined disposed:false
661 silly fetch manifest array.prototype.flat@^1.3.3
662 silly packumentCache full:https://registry.npmjs.org/array.prototype.flat cache-miss
663 http fetch GET 200 https://registry.npmjs.org/array.prototype.findlastindex 355ms (cache miss)
664 silly packumentCache full:https://registry.npmjs.org/array.prototype.findlastindex set size:undefined disposed:false
665 silly fetch manifest array.prototype.flatmap@^1.3.3
666 silly packumentCache full:https://registry.npmjs.org/array.prototype.flatmap cache-miss
667 http fetch GET 200 https://registry.npmjs.org/fast-glob 486ms (cache miss)
668 silly packumentCache full:https://registry.npmjs.org/fast-glob set size:undefined disposed:false
669 silly fetch manifest doctrine@^2.1.0
670 silly packumentCache full:https://registry.npmjs.org/doctrine cache-miss
671 http fetch GET 200 https://registry.npmjs.org/array-includes 382ms (cache miss)
672 silly packumentCache full:https://registry.npmjs.org/array-includes set size:undefined disposed:false
673 silly fetch manifest eslint-module-utils@^2.12.1
674 silly packumentCache full:https://registry.npmjs.org/eslint-module-utils cache-miss
675 http fetch GET 200 https://registry.npmjs.org/get-tsconfig 638ms (cache miss)
676 silly packumentCache full:https://registry.npmjs.org/get-tsconfig set size:undefined disposed:false
677 silly fetch manifest hasown@^2.0.2
678 silly packumentCache full:https://registry.npmjs.org/hasown cache-miss
679 http fetch GET 200 https://registry.npmjs.org/stable-hash 667ms (cache miss)
680 silly packumentCache full:https://registry.npmjs.org/stable-hash set size:undefined disposed:false
681 silly fetch manifest object.fromentries@^2.0.8
682 silly packumentCache full:https://registry.npmjs.org/object.fromentries cache-miss
683 http fetch GET 200 https://registry.npmjs.org/is-bun-module 708ms (cache miss)
684 silly packumentCache full:https://registry.npmjs.org/is-bun-module set size:undefined disposed:false
685 silly fetch manifest object.groupby@^1.0.3
686 silly packumentCache full:https://registry.npmjs.org/object.groupby cache-miss
687 http fetch GET 200 https://registry.npmjs.org/unrs-resolver 725ms (cache miss)
688 silly packumentCache full:https://registry.npmjs.org/unrs-resolver set size:undefined disposed:false
689 silly fetch manifest object.values@^1.2.1
690 silly packumentCache full:https://registry.npmjs.org/object.values cache-miss
691 http fetch GET 200 https://registry.npmjs.org/resolve 743ms (cache miss)
692 silly packumentCache full:https://registry.npmjs.org/resolve set size:undefined disposed:false
693 silly fetch manifest semver@^6.3.1
694 silly packumentCache full:https://registry.npmjs.org/semver cache-miss
695 http fetch GET 200 https://registry.npmjs.org/array.prototype.flatmap 367ms (cache miss)
696 silly packumentCache full:https://registry.npmjs.org/array.prototype.flatmap set size:undefined disposed:false
697 silly fetch manifest string.prototype.trimend@^1.0.9
698 silly packumentCache full:https://registry.npmjs.org/string.prototype.trimend cache-miss
699 http fetch GET 200 https://registry.npmjs.org/doctrine 361ms (cache miss)
700 silly packumentCache full:https://registry.npmjs.org/doctrine set size:undefined disposed:false
701 silly fetch manifest tsconfig-paths@^3.15.0
702 silly packumentCache full:https://registry.npmjs.org/tsconfig-paths cache-miss
703 http fetch GET 200 https://registry.npmjs.org/array.prototype.flat 399ms (cache miss)
704 silly packumentCache full:https://registry.npmjs.org/array.prototype.flat set size:undefined disposed:false
705 silly fetch manifest aria-query@^5.3.2
706 silly packumentCache full:https://registry.npmjs.org/aria-query cache-miss
707 http fetch GET 200 https://registry.npmjs.org/eslint-module-utils 384ms (cache miss)
708 silly packumentCache full:https://registry.npmjs.org/eslint-module-utils set size:undefined disposed:false
709 silly fetch manifest array-includes@^3.1.8
710 silly packumentCache full:https://registry.npmjs.org/array-includes cache-miss
711 http fetch GET 200 https://registry.npmjs.org/@nolyfill%2fis-core-module 898ms (cache miss)
712 silly packumentCache full:https://registry.npmjs.org/@nolyfill%2fis-core-module set size:undefined disposed:false
713 silly fetch manifest array.prototype.flatmap@^1.3.2
714 silly packumentCache full:https://registry.npmjs.org/array.prototype.flatmap cache-miss
715 http fetch GET 200 https://registry.npmjs.org/@rtsao%2fscc 894ms (cache miss)
716 silly packumentCache full:https://registry.npmjs.org/@rtsao%2fscc set size:undefined disposed:false
717 silly fetch manifest ast-types-flow@^0.0.8
718 silly packumentCache full:https://registry.npmjs.org/ast-types-flow cache-miss
719 http cache https://registry.npmjs.org/array-includes 37ms (cache hit)
720 silly packumentCache full:https://registry.npmjs.org/array-includes set size:80888 disposed:false
721 silly fetch manifest axe-core@^4.10.0
722 silly packumentCache full:https://registry.npmjs.org/axe-core cache-miss
723 http cache https://registry.npmjs.org/array.prototype.flatmap 36ms (cache hit)
724 silly packumentCache full:https://registry.npmjs.org/array.prototype.flatmap set size:51458 disposed:false
725 silly fetch manifest axobject-query@^4.1.0
726 silly packumentCache full:https://registry.npmjs.org/axobject-query cache-miss
727 http fetch GET 200 https://registry.npmjs.org/hasown 338ms (cache miss)
728 silly packumentCache full:https://registry.npmjs.org/hasown set size:undefined disposed:false
729 silly fetch manifest damerau-levenshtein@^1.0.8
730 silly packumentCache full:https://registry.npmjs.org/damerau-levenshtein cache-miss
731 http fetch GET 200 https://registry.npmjs.org/object.groupby 321ms (cache miss)
732 silly packumentCache full:https://registry.npmjs.org/object.groupby set size:undefined disposed:false
733 silly fetch manifest emoji-regex@^9.2.2
734 silly packumentCache full:https://registry.npmjs.org/emoji-regex cache-miss
735 http fetch GET 200 https://registry.npmjs.org/object.fromentries 380ms (cache miss)
736 silly packumentCache full:https://registry.npmjs.org/object.fromentries set size:undefined disposed:false
737 silly fetch manifest jsx-ast-utils@^3.3.5
738 silly packumentCache full:https://registry.npmjs.org/jsx-ast-utils cache-miss
739 http fetch GET 200 https://registry.npmjs.org/object.values 361ms (cache miss)
740 silly packumentCache full:https://registry.npmjs.org/object.values set size:undefined disposed:false
741 silly fetch manifest language-tags@^1.0.9
742 silly packumentCache full:https://registry.npmjs.org/language-tags cache-miss
743 http fetch GET 200 https://registry.npmjs.org/semver 382ms (cache miss)
744 silly packumentCache full:https://registry.npmjs.org/semver set size:undefined disposed:false
745 silly fetch manifest safe-regex-test@^1.0.3
746 silly packumentCache full:https://registry.npmjs.org/safe-regex-test cache-miss
747 http fetch GET 200 https://registry.npmjs.org/string.prototype.trimend 367ms (cache miss)
748 silly packumentCache full:https://registry.npmjs.org/string.prototype.trimend set size:undefined disposed:false
749 silly fetch manifest string.prototype.includes@^2.0.1
750 silly packumentCache full:https://registry.npmjs.org/string.prototype.includes cache-miss
751 http fetch GET 200 https://registry.npmjs.org/aria-query 361ms (cache miss)
752 silly packumentCache full:https://registry.npmjs.org/aria-query set size:undefined disposed:false
753 silly fetch manifest array.prototype.findlast@^1.2.5
754 silly packumentCache full:https://registry.npmjs.org/array.prototype.findlast cache-miss
755 http fetch GET 200 https://registry.npmjs.org/tsconfig-paths 397ms (cache miss)
756 silly packumentCache full:https://registry.npmjs.org/tsconfig-paths set size:undefined disposed:false
757 silly fetch manifest array.prototype.tosorted@^1.1.4
758 silly packumentCache full:https://registry.npmjs.org/array.prototype.tosorted cache-miss
759 http fetch GET 200 https://registry.npmjs.org/ast-types-flow 373ms (cache miss)
760 silly packumentCache full:https://registry.npmjs.org/ast-types-flow set size:undefined disposed:false
761 silly fetch manifest es-iterator-helpers@^1.2.1
762 silly packumentCache full:https://registry.npmjs.org/es-iterator-helpers cache-miss
763 http fetch GET 200 https://registry.npmjs.org/axobject-query 367ms (cache miss)
764 silly packumentCache full:https://registry.npmjs.org/axobject-query set size:undefined disposed:false
765 silly fetch manifest estraverse@^5.3.0
766 silly packumentCache full:https://registry.npmjs.org/estraverse cache-miss
767 http fetch GET 200 https://registry.npmjs.org/damerau-levenshtein 340ms (cache miss)
768 silly packumentCache full:https://registry.npmjs.org/damerau-levenshtein set size:undefined disposed:false
769 silly fetch manifest jsx-ast-utils@^2.4.1 || ^3.0.0
770 silly packumentCache full:https://registry.npmjs.org/jsx-ast-utils cache-miss
771 http cache https://registry.npmjs.org/estraverse 46ms (cache hit)
772 silly packumentCache full:https://registry.npmjs.org/estraverse set size:62412 disposed:false
773 silly fetch manifest object.entries@^1.1.9
774 silly packumentCache full:https://registry.npmjs.org/object.entries cache-miss
775 http fetch GET 200 https://registry.npmjs.org/emoji-regex 362ms (cache miss)
776 silly packumentCache full:https://registry.npmjs.org/emoji-regex set size:undefined disposed:false
777 silly fetch manifest prop-types@^15.8.1
778 silly packumentCache full:https://registry.npmjs.org/prop-types cache-miss
779 http fetch GET 200 https://registry.npmjs.org/jsx-ast-utils 101ms (cache miss)
780 silly packumentCache full:https://registry.npmjs.org/jsx-ast-utils set size:undefined disposed:false
781 silly fetch manifest resolve@^2.0.0-next.5
782 silly packumentCache full:https://registry.npmjs.org/resolve cache-miss
783 http fetch GET 200 https://registry.npmjs.org/jsx-ast-utils 396ms (cache miss)
784 silly packumentCache full:https://registry.npmjs.org/jsx-ast-utils set size:undefined disposed:false
785 silly fetch manifest string.prototype.matchall@^4.0.12
786 silly packumentCache full:https://registry.npmjs.org/string.prototype.matchall cache-miss
787 http fetch GET 200 https://registry.npmjs.org/language-tags 366ms (cache miss)
788 silly packumentCache full:https://registry.npmjs.org/language-tags set size:undefined disposed:false
789 silly fetch manifest string.prototype.repeat@^1.0.0
790 silly packumentCache full:https://registry.npmjs.org/string.prototype.repeat cache-miss
791 http cache https://registry.npmjs.org/resolve 51ms (cache hit)
792 silly packumentCache full:https://registry.npmjs.org/resolve set size:244568 disposed:false
793 silly fetch manifest zod@^3.25.0 || ^4.0.0
794 silly packumentCache full:https://registry.npmjs.org/zod cache-miss
795 http fetch GET 200 https://registry.npmjs.org/safe-regex-test 384ms (cache miss)
796 silly packumentCache full:https://registry.npmjs.org/safe-regex-test set size:undefined disposed:false
797 silly fetch manifest @babel/core@^7.24.4
798 silly packumentCache full:https://registry.npmjs.org/@babel%2fcore cache-miss
799 http fetch GET 200 https://registry.npmjs.org/string.prototype.includes 334ms (cache miss)
800 silly packumentCache full:https://registry.npmjs.org/string.prototype.includes set size:undefined disposed:false
801 silly fetch manifest @babel/parser@^7.24.4
802 silly packumentCache full:https://registry.npmjs.org/@babel%2fparser cache-miss
803 http fetch GET 200 https://registry.npmjs.org/array.prototype.findlast 357ms (cache miss)
804 silly packumentCache full:https://registry.npmjs.org/array.prototype.findlast set size:undefined disposed:false
805 silly fetch manifest hermes-parser@^0.25.1
806 silly packumentCache full:https://registry.npmjs.org/hermes-parser cache-miss
807 http fetch GET 200 https://registry.npmjs.org/array.prototype.tosorted 344ms (cache miss)
808 silly packumentCache full:https://registry.npmjs.org/array.prototype.tosorted set size:undefined disposed:false
809 silly fetch manifest zod-validation-error@^3.5.0 || ^4.0.0
810 silly packumentCache full:https://registry.npmjs.org/zod-validation-error cache-miss
811 http fetch GET 200 https://registry.npmjs.org/es-iterator-helpers 396ms (cache miss)
812 silly packumentCache full:https://registry.npmjs.org/es-iterator-helpers set size:undefined disposed:false
813 silly fetch manifest @typescript-eslint/utils@8.71.0
814 silly packumentCache full:https://registry.npmjs.org/@typescript-eslint%2futils cache-miss
815 http fetch GET 200 https://registry.npmjs.org/object.entries 346ms (cache miss)
816 silly packumentCache full:https://registry.npmjs.org/object.entries set size:undefined disposed:false
817 silly fetch manifest @typescript-eslint/parser@8.71.0
818 silly packumentCache full:https://registry.npmjs.org/@typescript-eslint%2fparser cache-miss
819 http cache https://registry.npmjs.org/@typescript-eslint%2futils 123ms (cache hit)
820 silly packumentCache full:https://registry.npmjs.org/@typescript-eslint%2futils set size:11006943 disposed:false
821 silly fetch manifest @typescript-eslint/eslint-plugin@8.71.0
822 silly packumentCache full:https://registry.npmjs.org/@typescript-eslint%2feslint-plugin cache-miss
823 http fetch GET 200 https://registry.npmjs.org/prop-types 603ms (cache miss)
824 silly packumentCache full:https://registry.npmjs.org/prop-types set size:undefined disposed:false
825 silly fetch manifest @typescript-eslint/typescript-estree@8.71.0
826 silly packumentCache full:https://registry.npmjs.org/@typescript-eslint%2ftypescript-estree cache-miss
827 http fetch GET 200 https://registry.npmjs.org/string.prototype.repeat 584ms (cache miss)
828 silly packumentCache full:https://registry.npmjs.org/string.prototype.repeat set size:undefined disposed:false
829 http fetch GET 200 https://registry.npmjs.org/string.prototype.matchall 611ms (cache miss)
830 silly packumentCache full:https://registry.npmjs.org/string.prototype.matchall set size:undefined disposed:false
831 http fetch GET 200 https://registry.npmjs.org/zod-validation-error 467ms (cache miss)
832 silly packumentCache full:https://registry.npmjs.org/zod-validation-error set size:undefined disposed:false
833 http fetch GET 200 https://registry.npmjs.org/hermes-parser 487ms (cache miss)
834 silly packumentCache full:https://registry.npmjs.org/hermes-parser set size:undefined disposed:false
835 http fetch GET 200 https://registry.npmjs.org/@babel%2fcore 642ms (cache miss)
836 silly packumentCache full:https://registry.npmjs.org/@babel%2fcore set size:undefined disposed:false
837 http fetch GET 200 https://registry.npmjs.org/@babel%2fparser 716ms (cache miss)
838 silly packumentCache full:https://registry.npmjs.org/@babel%2fparser set size:undefined disposed:false
839 http fetch GET 200 https://registry.npmjs.org/axe-core 1410ms (cache miss)
840 silly packumentCache full:https://registry.npmjs.org/axe-core set size:undefined disposed:false
841 http fetch GET 200 https://registry.npmjs.org/zod 1085ms (cache miss)
842 silly packumentCache full:https://registry.npmjs.org/zod set size:undefined disposed:false
843 http fetch GET 200 https://registry.npmjs.org/@typescript-eslint%2fparser 2051ms (cache miss)
844 silly packumentCache full:https://registry.npmjs.org/@typescript-eslint%2fparser set size:undefined disposed:false
845 http fetch GET 200 https://registry.npmjs.org/@typescript-eslint%2ftypescript-estree 2305ms (cache miss)
846 silly packumentCache full:https://registry.npmjs.org/@typescript-eslint%2ftypescript-estree set size:undefined disposed:false
847 http fetch GET 200 https://registry.npmjs.org/@typescript-eslint%2feslint-plugin 2705ms (cache miss)
848 silly packumentCache full:https://registry.npmjs.org/@typescript-eslint%2feslint-plugin set size:undefined disposed:false
849 silly placeDep node_modules/@next/eslint-plugin-next @eslint-community/eslint-utils@4.9.1 OK for: @next/eslint-plugin-next@16.3.8 want: 4.9.1
850 silly placeDep ROOT fast-glob@3.3.1 OK for: @next/eslint-plugin-next@16.3.8 want: 3.3.1
851 silly fetch manifest merge2@^1.3.0
852 silly packumentCache full:https://registry.npmjs.org/merge2 cache-miss
853 silly fetch manifest micromatch@^4.0.4
854 silly packumentCache full:https://registry.npmjs.org/micromatch cache-miss
855 silly fetch manifest glob-parent@^5.1.2
856 silly packumentCache full:https://registry.npmjs.org/glob-parent cache-miss
857 silly fetch manifest @nodelib/fs.stat@^2.0.2
858 silly packumentCache full:https://registry.npmjs.org/@nodelib%2ffs.stat cache-miss
859 silly fetch manifest @nodelib/fs.walk@^1.2.3
860 silly packumentCache full:https://registry.npmjs.org/@nodelib%2ffs.walk cache-miss
861 http cache https://registry.npmjs.org/glob-parent 42ms (cache hit)
862 silly packumentCache full:https://registry.npmjs.org/glob-parent set size:42445 disposed:false
863 http fetch GET 200 https://registry.npmjs.org/merge2 348ms (cache miss)
864 silly packumentCache full:https://registry.npmjs.org/merge2 set size:undefined disposed:false
865 http fetch GET 200 https://registry.npmjs.org/micromatch 351ms (cache miss)
866 silly packumentCache full:https://registry.npmjs.org/micromatch set size:undefined disposed:false
867 http fetch GET 200 https://registry.npmjs.org/@nodelib%2ffs.walk 880ms (cache miss)
868 silly packumentCache full:https://registry.npmjs.org/@nodelib%2ffs.walk set size:undefined disposed:false
869 http fetch GET 200 https://registry.npmjs.org/@nodelib%2ffs.stat 886ms (cache miss)
870 silly packumentCache full:https://registry.npmjs.org/@nodelib%2ffs.stat set size:undefined disposed:false
871 silly placeDep node_modules/eslint-import-resolver-node debug@3.2.7 OK for: eslint-import-resolver-node@0.3.10 want: ^3.2.7
872 silly placeDep ROOT is-core-module@2.17.0 OK for: eslint-import-resolver-node@0.3.10 want: ^2.16.1
873 silly placeDep ROOT resolve@2.0.0-next.7 OK for: eslint-import-resolver-node@0.3.10 want: ^2.0.0-next.6
874 silly fetch manifest hasown@^2.0.4
875 silly packumentCache full:https://registry.npmjs.org/hasown cache-miss
876 silly fetch manifest es-errors@^1.3.0
877 silly packumentCache full:https://registry.npmjs.org/es-errors cache-miss
878 silly fetch manifest node-exports-info@^1.6.0
879 silly packumentCache full:https://registry.npmjs.org/node-exports-info cache-miss
880 silly fetch manifest object-keys@^1.1.1
881 silly packumentCache full:https://registry.npmjs.org/object-keys cache-miss
882 silly fetch manifest path-parse@^1.0.7
883 silly packumentCache full:https://registry.npmjs.org/path-parse cache-miss
884 silly fetch manifest supports-preserve-symlinks-flag@^1.0.0
885 silly packumentCache full:https://registry.npmjs.org/supports-preserve-symlinks-flag cache-miss
886 http cache https://registry.npmjs.org/hasown 38ms (cache hit)
887 silly packumentCache full:https://registry.npmjs.org/hasown set size:18361 disposed:false
888 http fetch GET 200 https://registry.npmjs.org/es-errors 61ms (cache miss)
889 silly packumentCache full:https://registry.npmjs.org/es-errors set size:undefined disposed:false
890 http fetch GET 200 https://registry.npmjs.org/path-parse 332ms (cache miss)
891 silly packumentCache full:https://registry.npmjs.org/path-parse set size:undefined disposed:false
892 http fetch GET 200 https://registry.npmjs.org/node-exports-info 341ms (cache miss)
893 silly packumentCache full:https://registry.npmjs.org/node-exports-info set size:undefined disposed:false
894 http fetch GET 200 https://registry.npmjs.org/object-keys 350ms (cache miss)
895 silly packumentCache full:https://registry.npmjs.org/object-keys set size:undefined disposed:false
896 http fetch GET 200 https://registry.npmjs.org/supports-preserve-symlinks-flag 369ms (cache miss)
897 silly packumentCache full:https://registry.npmjs.org/supports-preserve-symlinks-flag set size:undefined disposed:false
898 silly placeDep ROOT @nolyfill/is-core-module@1.0.39 OK for: eslint-import-resolver-typescript@3.10.1 want: 1.0.39
899 silly placeDep ROOT get-tsconfig@4.14.3 OK for: eslint-import-resolver-typescript@3.10.1 want: ^4.10.0
900 silly placeDep ROOT is-bun-module@2.0.0 OK for: eslint-import-resolver-typescript@3.10.1 want: ^2.0.0
901 silly placeDep ROOT stable-hash@0.0.5 OK for: eslint-import-resolver-typescript@3.10.1 want: ^0.0.5
902 silly placeDep ROOT tinyglobby@0.2.17 OK for: eslint-import-resolver-typescript@3.10.1 want: ^0.2.13
903 silly placeDep ROOT unrs-resolver@1.12.2 OK for: eslint-import-resolver-typescript@3.10.1 want: ^1.6.2
904 silly fetch manifest resolve-pkg-maps@^1.0.0
905 silly packumentCache full:https://registry.npmjs.org/resolve-pkg-maps cache-miss
906 silly fetch manifest semver@^7.7.1
907 silly packumentCache full:https://registry.npmjs.org/semver cache-miss
908 silly fetch manifest fdir@^6.5.0
909 silly packumentCache full:https://registry.npmjs.org/fdir cache-miss
910 silly fetch manifest picomatch@^4.0.4
911 silly packumentCache full:https://registry.npmjs.org/picomatch cache-miss
912 silly fetch manifest napi-postinstall@^0.3.4
913 silly packumentCache full:https://registry.npmjs.org/napi-postinstall cache-miss
914 silly fetch manifest @unrs/resolver-binding-darwin-arm64@1.12.2
915 silly packumentCache full:https://registry.npmjs.org/@unrs%2fresolver-binding-darwin-arm64 cache-miss
916 silly fetch manifest @unrs/resolver-binding-android-arm64@1.12.2
917 silly packumentCache full:https://registry.npmjs.org/@unrs%2fresolver-binding-android-arm64 cache-miss
918 silly fetch manifest @unrs/resolver-binding-win32-arm64-msvc@1.12.2
919 silly packumentCache full:https://registry.npmjs.org/@unrs%2fresolver-binding-win32-arm64-msvc cache-miss
920 silly fetch manifest @unrs/resolver-binding-linux-arm64-gnu@1.12.2
921 silly packumentCache full:https://registry.npmjs.org/@unrs%2fresolver-binding-linux-arm64-gnu cache-miss
922 silly fetch manifest @unrs/resolver-binding-linux-arm64-musl@1.12.2
923 silly packumentCache full:https://registry.npmjs.org/@unrs%2fresolver-binding-linux-arm64-musl cache-miss
924 silly fetch manifest @unrs/resolver-binding-openharmony-arm64@1.12.2
925 silly packumentCache full:https://registry.npmjs.org/@unrs%2fresolver-binding-openharmony-arm64 cache-miss
926 http cache https://registry.npmjs.org/semver 53ms (cache hit)
927 silly packumentCache full:https://registry.npmjs.org/semver set size:246128 disposed:false
928 silly fetch manifest @unrs/resolver-binding-android-arm-eabi@1.12.2
929 silly packumentCache full:https://registry.npmjs.org/@unrs%2fresolver-binding-android-arm-eabi cache-miss
930 http fetch GET 200 https://registry.npmjs.org/resolve-pkg-maps 394ms (cache miss)
931 silly packumentCache full:https://registry.npmjs.org/resolve-pkg-maps set size:undefined disposed:false
932 silly fetch manifest @unrs/resolver-binding-linux-arm-gnueabihf@1.12.2
933 silly packumentCache full:https://registry.npmjs.org/@unrs%2fresolver-binding-linux-arm-gnueabihf cache-miss
934 http fetch GET 200 https://registry.npmjs.org/napi-postinstall 400ms (cache miss)
935 silly packumentCache full:https://registry.npmjs.org/napi-postinstall set size:undefined disposed:false
936 silly fetch manifest @unrs/resolver-binding-linux-arm-musleabihf@1.12.2
937 silly packumentCache full:https://registry.npmjs.org/@unrs%2fresolver-binding-linux-arm-musleabihf cache-miss
938 http fetch GET 200 https://registry.npmjs.org/fdir 415ms (cache miss)
939 silly packumentCache full:https://registry.npmjs.org/fdir set size:undefined disposed:false
940 silly fetch manifest @unrs/resolver-binding-win32-ia32-msvc@1.12.2
941 silly packumentCache full:https://registry.npmjs.org/@unrs%2fresolver-binding-win32-ia32-msvc cache-miss
942 http fetch GET 200 https://registry.npmjs.org/picomatch 424ms (cache miss)
943 silly packumentCache full:https://registry.npmjs.org/picomatch set size:undefined disposed:false
944 silly fetch manifest @unrs/resolver-binding-linux-loong64-gnu@1.12.2
945 silly packumentCache full:https://registry.npmjs.org/@unrs%2fresolver-binding-linux-loong64-gnu cache-miss
946 http fetch GET 200 https://registry.npmjs.org/@unrs%2fresolver-binding-openharmony-arm64 909ms (cache miss)
947 silly packumentCache full:https://registry.npmjs.org/@unrs%2fresolver-binding-openharmony-arm64 set size:undefined disposed:false
948 silly fetch manifest @unrs/resolver-binding-linux-loong64-musl@1.12.2
949 silly packumentCache full:https://registry.npmjs.org/@unrs%2fresolver-binding-linux-loong64-musl cache-miss
950 http fetch GET 200 https://registry.npmjs.org/@unrs%2fresolver-binding-linux-arm64-gnu 918ms (cache miss)
951 silly packumentCache full:https://registry.npmjs.org/@unrs%2fresolver-binding-linux-arm64-gnu set size:undefined disposed:false
952 silly fetch manifest @unrs/resolver-binding-linux-ppc64-gnu@1.12.2
953 silly packumentCache full:https://registry.npmjs.org/@unrs%2fresolver-binding-linux-ppc64-gnu cache-miss
954 http fetch GET 200 https://registry.npmjs.org/@unrs%2fresolver-binding-android-arm64 925ms (cache miss)
955 silly packumentCache full:https://registry.npmjs.org/@unrs%2fresolver-binding-android-arm64 set size:undefined disposed:false
956 silly fetch manifest @unrs/resolver-binding-linux-riscv64-gnu@1.12.2
957 silly packumentCache full:https://registry.npmjs.org/@unrs%2fresolver-binding-linux-riscv64-gnu cache-miss
958 http fetch GET 200 https://registry.npmjs.org/@unrs%2fresolver-binding-linux-arm64-musl 935ms (cache miss)
959 silly packumentCache full:https://registry.npmjs.org/@unrs%2fresolver-binding-linux-arm64-musl set size:undefined disposed:false
960 silly fetch manifest @unrs/resolver-binding-linux-riscv64-musl@1.12.2
961 silly packumentCache full:https://registry.npmjs.org/@unrs%2fresolver-binding-linux-riscv64-musl cache-miss
962 http fetch GET 200 https://registry.npmjs.org/@unrs%2fresolver-binding-android-arm-eabi 891ms (cache miss)
963 silly packumentCache full:https://registry.npmjs.org/@unrs%2fresolver-binding-android-arm-eabi set size:undefined disposed:false
964 silly fetch manifest @unrs/resolver-binding-linux-s390x-gnu@1.12.2
965 silly packumentCache full:https://registry.npmjs.org/@unrs%2fresolver-binding-linux-s390x-gnu cache-miss
966 http fetch GET 200 https://registry.npmjs.org/@unrs%2fresolver-binding-darwin-arm64 951ms (cache miss)
967 silly packumentCache full:https://registry.npmjs.org/@unrs%2fresolver-binding-darwin-arm64 set size:undefined disposed:false
968 silly fetch manifest @unrs/resolver-binding-wasm32-wasi@1.12.2
969 silly packumentCache full:https://registry.npmjs.org/@unrs%2fresolver-binding-wasm32-wasi cache-miss
970 http fetch GET 200 https://registry.npmjs.org/@unrs%2fresolver-binding-win32-arm64-msvc 955ms (cache miss)
971 silly packumentCache full:https://registry.npmjs.org/@unrs%2fresolver-binding-win32-arm64-msvc set size:undefined disposed:false
972 silly fetch manifest @unrs/resolver-binding-darwin-x64@1.12.2
973 silly packumentCache full:https://registry.npmjs.org/@unrs%2fresolver-binding-darwin-x64 cache-miss
974 http fetch GET 200 https://registry.npmjs.org/@unrs%2fresolver-binding-linux-arm-musleabihf 905ms (cache miss)
975 silly packumentCache full:https://registry.npmjs.org/@unrs%2fresolver-binding-linux-arm-musleabihf set size:undefined disposed:false
976 silly fetch manifest @unrs/resolver-binding-win32-x64-msvc@1.12.2
977 silly packumentCache full:https://registry.npmjs.org/@unrs%2fresolver-binding-win32-x64-msvc cache-miss
978 http fetch GET 200 https://registry.npmjs.org/@unrs%2fresolver-binding-linux-loong64-gnu 890ms (cache miss)
979 silly packumentCache full:https://registry.npmjs.org/@unrs%2fresolver-binding-linux-loong64-gnu set size:undefined disposed:false
980 silly fetch manifest @unrs/resolver-binding-freebsd-x64@1.12.2
981 silly packumentCache full:https://registry.npmjs.org/@unrs%2fresolver-binding-freebsd-x64 cache-miss
982 http fetch GET 200 https://registry.npmjs.org/@unrs%2fresolver-binding-linux-arm-gnueabihf 936ms (cache miss)
983 silly packumentCache full:https://registry.npmjs.org/@unrs%2fresolver-binding-linux-arm-gnueabihf set size:undefined disposed:false
984 silly fetch manifest @unrs/resolver-binding-linux-x64-gnu@1.12.2
985 silly packumentCache full:https://registry.npmjs.org/@unrs%2fresolver-binding-linux-x64-gnu cache-miss
986 http fetch GET 200 https://registry.npmjs.org/@unrs%2fresolver-binding-win32-ia32-msvc 916ms (cache miss)
987 silly packumentCache full:https://registry.npmjs.org/@unrs%2fresolver-binding-win32-ia32-msvc set size:undefined disposed:false
988 silly fetch manifest @unrs/resolver-binding-linux-x64-musl@1.12.2
989 silly packumentCache full:https://registry.npmjs.org/@unrs%2fresolver-binding-linux-x64-musl cache-miss
990 http fetch GET 200 https://registry.npmjs.org/@unrs%2fresolver-binding-linux-riscv64-gnu 910ms (cache miss)
991 silly packumentCache full:https://registry.npmjs.org/@unrs%2fresolver-binding-linux-riscv64-gnu set size:undefined disposed:false
992 http fetch GET 200 https://registry.npmjs.org/@unrs%2fresolver-binding-linux-ppc64-gnu 919ms (cache miss)
993 silly packumentCache full:https://registry.npmjs.org/@unrs%2fresolver-binding-linux-ppc64-gnu set size:undefined disposed:false
994 http fetch GET 200 https://registry.npmjs.org/@unrs%2fresolver-binding-linux-s390x-gnu 897ms (cache miss)
995 silly packumentCache full:https://registry.npmjs.org/@unrs%2fresolver-binding-linux-s390x-gnu set size:undefined disposed:false
996 http fetch GET 200 https://registry.npmjs.org/@unrs%2fresolver-binding-wasm32-wasi 897ms (cache miss)
997 silly packumentCache full:https://registry.npmjs.org/@unrs%2fresolver-binding-wasm32-wasi set size:undefined disposed:false
998 http fetch GET 200 https://registry.npmjs.org/@unrs%2fresolver-binding-darwin-x64 896ms (cache miss)
999 silly packumentCache full:https://registry.npmjs.org/@unrs%2fresolver-binding-darwin-x64 set size:undefined disposed:false
1000 http fetch GET 200 https://registry.npmjs.org/@unrs%2fresolver-binding-linux-riscv64-musl 917ms (cache miss)
1001 silly packumentCache full:https://registry.npmjs.org/@unrs%2fresolver-binding-linux-riscv64-musl set size:undefined disposed:false
1002 http fetch GET 200 https://registry.npmjs.org/@unrs%2fresolver-binding-linux-loong64-musl 945ms (cache miss)
1003 silly packumentCache full:https://registry.npmjs.org/@unrs%2fresolver-binding-linux-loong64-musl set size:undefined disposed:false
1004 http fetch GET 200 https://registry.npmjs.org/@unrs%2fresolver-binding-linux-x64-musl 872ms (cache miss)
1005 silly packumentCache full:https://registry.npmjs.org/@unrs%2fresolver-binding-linux-x64-musl set size:undefined disposed:false
1006 http fetch GET 200 https://registry.npmjs.org/@unrs%2fresolver-binding-win32-x64-msvc 901ms (cache miss)
1007 silly packumentCache full:https://registry.npmjs.org/@unrs%2fresolver-binding-win32-x64-msvc set size:undefined disposed:false
1008 http fetch GET 200 https://registry.npmjs.org/@unrs%2fresolver-binding-freebsd-x64 893ms (cache miss)
1009 silly packumentCache full:https://registry.npmjs.org/@unrs%2fresolver-binding-freebsd-x64 set size:undefined disposed:false
1010 http fetch GET 200 https://registry.npmjs.org/@unrs%2fresolver-binding-linux-x64-gnu 1160ms (cache miss)
1011 silly packumentCache full:https://registry.npmjs.org/@unrs%2fresolver-binding-linux-x64-gnu set size:undefined disposed:false
1012 silly placeDep ROOT @rtsao/scc@1.1.0 OK for: eslint-plugin-import@2.32.0 want: ^1.1.0
1013 silly placeDep ROOT array-includes@3.2.0 OK for: eslint-plugin-import@2.32.0 want: ^3.1.9
1014 silly placeDep ROOT array.prototype.findlastindex@1.2.6 OK for: eslint-plugin-import@2.32.0 want: ^1.2.6
1015 silly placeDep ROOT array.prototype.flat@1.3.3 OK for: eslint-plugin-import@2.32.0 want: ^1.3.3
1016 silly placeDep ROOT array.prototype.flatmap@1.3.3 OK for: eslint-plugin-import@2.32.0 want: ^1.3.3
1017 silly placeDep node_modules/eslint-plugin-import debug@3.2.7 OK for: eslint-plugin-import@2.32.0 want: ^3.2.7
1018 silly placeDep ROOT doctrine@2.1.0 OK for: eslint-plugin-import@2.32.0 want: ^2.1.0
1019 silly placeDep ROOT eslint-module-utils@2.14.0 OK for: eslint-plugin-import@2.32.0 want: ^2.12.1
1020 silly placeDep ROOT hasown@2.0.4 OK for: eslint-plugin-import@2.32.0 want: ^2.0.2
1021 silly placeDep ROOT object.fromentries@2.0.8 OK for: eslint-plugin-import@2.32.0 want: ^2.0.8
1022 silly placeDep ROOT object.groupby@1.0.3 OK for: eslint-plugin-import@2.32.0 want: ^1.0.3
1023 silly placeDep ROOT object.values@1.2.1 OK for: eslint-plugin-import@2.32.0 want: ^1.2.1
1024 silly placeDep ROOT semver@6.3.1 OK for: eslint-plugin-import@2.32.0 want: ^6.3.1
1025 silly placeDep ROOT string.prototype.trimend@1.0.10 OK for: eslint-plugin-import@2.32.0 want: ^1.0.9
1026 silly placeDep ROOT tsconfig-paths@3.15.0 OK for: eslint-plugin-import@2.32.0 want: ^3.15.0
1027 silly fetch manifest call-bind@^1.0.9
1028 silly packumentCache full:https://registry.npmjs.org/call-bind cache-miss
1029 silly fetch manifest is-string@^1.1.1
1030 silly packumentCache full:https://registry.npmjs.org/is-string cache-miss
1031 silly fetch manifest call-bound@^1.0.4
1032 silly packumentCache full:https://registry.npmjs.org/call-bound cache-miss
1033 silly fetch manifest es-abstract@^1.24.2
1034 silly packumentCache full:https://registry.npmjs.org/es-abstract cache-miss
1035 silly fetch manifest es-object-atoms@^1.1.2
1036 silly packumentCache full:https://registry.npmjs.org/es-object-atoms cache-miss
1037 silly fetch manifest math-intrinsics@^1.1.0
1038 silly packumentCache full:https://registry.npmjs.org/math-intrinsics cache-miss
1039 silly fetch manifest define-properties@^1.2.1
1040 silly packumentCache full:https://registry.npmjs.org/define-properties cache-miss
1041 silly fetch manifest es-shim-unscopables@^1.1.0
1042 silly packumentCache full:https://registry.npmjs.org/es-shim-unscopables cache-miss
1043 silly fetch manifest call-bind@^1.0.8
1044 silly packumentCache full:https://registry.npmjs.org/call-bind cache-miss
1045 silly fetch manifest call-bound@^1.0.4
1046 silly packumentCache full:https://registry.npmjs.org/call-bound cache-miss
1047 silly fetch manifest define-properties@^1.2.1
1048 silly packumentCache full:https://registry.npmjs.org/define-properties cache-miss
1049 http fetch GET 200 https://registry.npmjs.org/es-object-atoms 82ms (cache miss)
1050 silly packumentCache full:https://registry.npmjs.org/es-object-atoms set size:undefined disposed:false
1051 silly fetch manifest es-abstract@^1.23.9
1052 silly packumentCache full:https://registry.npmjs.org/es-abstract cache-miss
1053 http fetch GET 200 https://registry.npmjs.org/call-bound 85ms (cache miss)
1054 silly packumentCache full:https://registry.npmjs.org/call-bound set size:undefined disposed:false
1055 silly fetch manifest es-object-atoms@^1.1.1
1056 silly packumentCache full:https://registry.npmjs.org/es-object-atoms cache-miss
1057 http fetch GET 200 https://registry.npmjs.org/call-bound 94ms (cache miss)
1058 silly packumentCache full:https://registry.npmjs.org/call-bound set size:undefined disposed:false
1059 silly fetch manifest es-shim-unscopables@^1.1.0
1060 silly packumentCache full:https://registry.npmjs.org/es-shim-unscopables cache-miss
1061 http cache https://registry.npmjs.org/es-object-atoms 12ms (cache hit)
1062 silly packumentCache full:https://registry.npmjs.org/es-object-atoms set size:18278 disposed:false
1063 silly fetch manifest call-bind@^1.0.8
1064 silly packumentCache full:https://registry.npmjs.org/call-bind cache-miss
1065 http fetch GET 200 https://registry.npmjs.org/math-intrinsics 407ms (cache miss)
1066 silly packumentCache full:https://registry.npmjs.org/math-intrinsics set size:undefined disposed:false
1067 silly fetch manifest define-properties@^1.2.1
1068 silly packumentCache full:https://registry.npmjs.org/define-properties cache-miss
1069 http fetch GET 200 https://registry.npmjs.org/es-shim-unscopables 409ms (cache miss)
1070 silly packumentCache full:https://registry.npmjs.org/es-shim-unscopables set size:undefined disposed:false
1071 silly fetch manifest es-abstract@^1.23.5
1072 silly packumentCache full:https://registry.npmjs.org/es-abstract cache-miss
1073 http fetch GET 200 https://registry.npmjs.org/is-string 423ms (cache miss)
1074 silly packumentCache full:https://registry.npmjs.org/is-string set size:undefined disposed:false
1075 silly fetch manifest es-shim-unscopables@^1.0.2
1076 silly packumentCache full:https://registry.npmjs.org/es-shim-unscopables cache-miss
1077 http fetch GET 200 https://registry.npmjs.org/call-bind 427ms (cache miss)
1078 silly packumentCache full:https://registry.npmjs.org/call-bind set size:undefined disposed:false
1079 silly fetch manifest call-bind@^1.0.8
1080 silly packumentCache full:https://registry.npmjs.org/call-bind cache-miss
1081 http fetch GET 200 https://registry.npmjs.org/es-shim-unscopables 334ms (cache miss)
1082 silly packumentCache full:https://registry.npmjs.org/es-shim-unscopables set size:undefined disposed:false
1083 silly fetch manifest define-properties@^1.2.1
1084 silly packumentCache full:https://registry.npmjs.org/define-properties cache-miss
1085 http fetch GET 200 https://registry.npmjs.org/call-bind 325ms (cache miss)
1086 silly packumentCache full:https://registry.npmjs.org/call-bind set size:undefined disposed:false
1087 silly fetch manifest es-abstract@^1.23.5
1088 silly packumentCache full:https://registry.npmjs.org/es-abstract cache-miss
1089 http fetch GET 200 https://registry.npmjs.org/define-properties 431ms (cache miss)
1090 silly packumentCache full:https://registry.npmjs.org/define-properties set size:undefined disposed:false
1091 silly fetch manifest es-shim-unscopables@^1.0.2
1092 silly packumentCache full:https://registry.npmjs.org/es-shim-unscopables cache-miss
1093 http fetch GET 200 https://registry.npmjs.org/define-properties 445ms (cache miss)
1094 silly packumentCache full:https://registry.npmjs.org/define-properties set size:undefined disposed:false
1095 silly fetch manifest function-bind@^1.1.2
1096 silly packumentCache full:https://registry.npmjs.org/function-bind cache-miss
1097 http cache https://registry.npmjs.org/es-shim-unscopables 51ms (cache hit)
1098 silly packumentCache full:https://registry.npmjs.org/es-shim-unscopables set size:13965 disposed:false
1099 silly fetch manifest call-bind@^1.0.7
1100 silly packumentCache full:https://registry.npmjs.org/call-bind cache-miss
1101 http fetch GET 200 https://registry.npmjs.org/define-properties 66ms (cache miss)
1102 silly packumentCache full:https://registry.npmjs.org/define-properties set size:undefined disposed:false
1103 silly fetch manifest es-abstract@^1.23.2
1104 silly packumentCache full:https://registry.npmjs.org/es-abstract cache-miss
1105 http cache https://registry.npmjs.org/define-properties 53ms (cache hit)
1106 silly packumentCache full:https://registry.npmjs.org/define-properties set size:31491 disposed:false
1107 silly fetch manifest es-object-atoms@^1.0.0
1108 silly packumentCache full:https://registry.npmjs.org/es-object-atoms cache-hit
1109 silly fetch manifest call-bind@^1.0.7
1110 silly packumentCache full:https://registry.npmjs.org/call-bind cache-miss
1111 http cache https://registry.npmjs.org/call-bind 60ms (cache hit)
1112 silly packumentCache full:https://registry.npmjs.org/call-bind set size:32985 disposed:false
1113 silly fetch manifest es-abstract@^1.23.2
1114 silly packumentCache full:https://registry.npmjs.org/es-abstract cache-miss
1115 http cache https://registry.npmjs.org/es-shim-unscopables 53ms (cache hit)
1116 silly packumentCache full:https://registry.npmjs.org/es-shim-unscopables set size:13965 disposed:false
1117 silly packumentCache full:https://registry.npmjs.org/es-shim-unscopables dispose
1118 silly fetch manifest call-bound@^1.0.3
1119 silly packumentCache full:https://registry.npmjs.org/call-bound cache-miss
1120 http fetch GET 200 https://registry.npmjs.org/es-abstract 503ms (cache miss)
1121 silly packumentCache full:https://registry.npmjs.org/es-abstract set size:undefined disposed:false
1122 silly fetch manifest json5@^1.0.2
1123 silly packumentCache full:https://registry.npmjs.org/json5 cache-miss
1124 http fetch GET 200 https://registry.npmjs.org/es-abstract 436ms (cache miss)
1125 silly packumentCache full:https://registry.npmjs.org/es-abstract set size:undefined disposed:false
1126 silly fetch manifest minimist@^1.2.6
1127 silly packumentCache full:https://registry.npmjs.org/minimist cache-miss
1128 http fetch GET 200 https://registry.npmjs.org/function-bind 84ms (cache miss)
1129 silly packumentCache full:https://registry.npmjs.org/function-bind set size:undefined disposed:false
1130 silly fetch manifest strip-bom@^3.0.0
1131 silly packumentCache full:https://registry.npmjs.org/strip-bom cache-miss
1132 http cache https://registry.npmjs.org/call-bind 66ms (cache hit)
1133 silly packumentCache full:https://registry.npmjs.org/call-bind set size:32985 disposed:false
1134 silly packumentCache full:https://registry.npmjs.org/call-bind dispose
1135 silly fetch manifest @types/json5@^0.0.29
1136 silly packumentCache full:https://registry.npmjs.org/@types%2fjson5 cache-miss
1137 http fetch GET 200 https://registry.npmjs.org/es-abstract 130ms (cache miss)
1138 silly packumentCache full:https://registry.npmjs.org/es-abstract set size:undefined disposed:false
1139 http cache https://registry.npmjs.org/call-bound 58ms (cache hit)
1140 silly packumentCache full:https://registry.npmjs.org/call-bound set size:15317 disposed:false
1141 http fetch GET 200 https://registry.npmjs.org/es-abstract 121ms (cache miss)
1142 silly packumentCache full:https://registry.npmjs.org/es-abstract set size:undefined disposed:false
1143 http cache https://registry.npmjs.org/call-bind 74ms (cache hit)
1144 silly packumentCache full:https://registry.npmjs.org/call-bind set size:32985 disposed:true
1145 silly packumentCache full:https://registry.npmjs.org/call-bind dispose
1146 http fetch GET 200 https://registry.npmjs.org/es-abstract 97ms (cache miss)
1147 silly packumentCache full:https://registry.npmjs.org/es-abstract set size:undefined disposed:false
1148 http fetch GET 200 https://registry.npmjs.org/es-abstract 95ms (cache miss)
1149 silly packumentCache full:https://registry.npmjs.org/es-abstract set size:undefined disposed:false
1150 http fetch GET 200 https://registry.npmjs.org/minimist 60ms (cache miss)
1151 silly packumentCache full:https://registry.npmjs.org/minimist set size:undefined disposed:false
1152 http fetch GET 200 https://registry.npmjs.org/call-bind 604ms (cache miss)
1153 silly packumentCache full:https://registry.npmjs.org/call-bind set size:undefined disposed:true
1154 silly packumentCache full:https://registry.npmjs.org/call-bind dispose
1155 http fetch GET 200 https://registry.npmjs.org/strip-bom 359ms (cache miss)
1156 silly packumentCache full:https://registry.npmjs.org/strip-bom set size:undefined disposed:false
1157 http fetch GET 200 https://registry.npmjs.org/json5 389ms (cache miss)
1158 silly packumentCache full:https://registry.npmjs.org/json5 set size:undefined disposed:false
1159 http fetch GET 200 https://registry.npmjs.org/@types%2fjson5 653ms (cache miss)
1160 silly packumentCache full:https://registry.npmjs.org/@types%2fjson5 set size:undefined disposed:false
1161 silly placeDep ROOT call-bind@1.0.9 OK for: array-includes@3.2.0 want: ^1.0.9
1162 silly placeDep ROOT call-bound@1.0.4 OK for: array-includes@3.2.0 want: ^1.0.4
1163 silly placeDep ROOT define-properties@1.2.1 OK for: array-includes@3.2.0 want: ^1.2.1
1164 silly placeDep ROOT es-abstract@1.24.2 OK for: array-includes@3.2.0 want: ^1.24.2
1165 silly placeDep ROOT es-object-atoms@1.1.2 OK for: array-includes@3.2.0 want: ^1.1.2
1166 silly placeDep ROOT es-shim-unscopables@1.1.0 OK for: array-includes@3.2.0 want: ^1.1.0
1167 silly placeDep ROOT is-string@1.1.1 OK for: array-includes@3.2.0 want: ^1.1.1
1168 silly placeDep ROOT math-intrinsics@1.1.0 OK for: array-includes@3.2.0 want: ^1.1.0
1169 silly fetch manifest call-bind-apply-helpers@^1.0.2
1170 silly packumentCache full:https://registry.npmjs.org/call-bind-apply-helpers cache-miss
1171 silly fetch manifest es-define-property@^1.0.1
1172 silly packumentCache full:https://registry.npmjs.org/es-define-property cache-miss
1173 silly fetch manifest get-intrinsic@^1.3.0
1174 silly packumentCache full:https://registry.npmjs.org/get-intrinsic cache-miss
1175 silly fetch manifest set-function-length@^1.2.2
1176 silly packumentCache full:https://registry.npmjs.org/set-function-length cache-miss
1177 silly fetch manifest call-bind-apply-helpers@^1.0.2
1178 silly packumentCache full:https://registry.npmjs.org/call-bind-apply-helpers cache-miss
1179 silly fetch manifest get-intrinsic@^1.3.0
1180 silly packumentCache full:https://registry.npmjs.org/get-intrinsic cache-miss
1181 silly fetch manifest define-data-property@^1.0.1
1182 silly packumentCache full:https://registry.npmjs.org/define-data-property cache-miss
1183 silly fetch manifest has-property-descriptors@^1.0.0
1184 silly packumentCache full:https://registry.npmjs.org/has-property-descriptors cache-miss
1185 silly fetch manifest array-buffer-byte-length@^1.0.2
1186 silly packumentCache full:https://registry.npmjs.org/array-buffer-byte-length cache-miss
1187 silly fetch manifest arraybuffer.prototype.slice@^1.0.4
1188 silly packumentCache full:https://registry.npmjs.org/arraybuffer.prototype.slice cache-miss
1189 silly fetch manifest available-typed-arrays@^1.0.7
1190 silly packumentCache full:https://registry.npmjs.org/available-typed-arrays cache-miss
1191 http fetch GET 200 https://registry.npmjs.org/get-intrinsic 44ms (cache miss)
1192 silly packumentCache full:https://registry.npmjs.org/get-intrinsic set size:undefined disposed:false
1193 silly fetch manifest data-view-buffer@^1.0.2
1194 silly packumentCache full:https://registry.npmjs.org/data-view-buffer cache-miss
1195 http fetch GET 200 https://registry.npmjs.org/get-intrinsic 48ms (cache miss)
1196 silly packumentCache full:https://registry.npmjs.org/get-intrinsic set size:undefined disposed:false
1197 silly fetch manifest data-view-byte-length@^1.0.2
1198 silly packumentCache full:https://registry.npmjs.org/data-view-byte-length cache-miss
1199 http fetch GET 200 https://registry.npmjs.org/set-function-length 410ms (cache miss)
1200 silly packumentCache full:https://registry.npmjs.org/set-function-length set size:undefined disposed:false
1201 silly fetch manifest data-view-byte-offset@^1.0.1
1202 silly packumentCache full:https://registry.npmjs.org/data-view-byte-offset cache-miss
1203 http fetch GET 200 https://registry.npmjs.org/has-property-descriptors 411ms (cache miss)
1204 silly packumentCache full:https://registry.npmjs.org/has-property-descriptors set size:undefined disposed:false
1205 silly fetch manifest es-define-property@^1.0.1
1206 silly packumentCache full:https://registry.npmjs.org/es-define-property cache-miss
1207 http fetch GET 200 https://registry.npmjs.org/array-buffer-byte-length 414ms (cache miss)
1208 silly packumentCache full:https://registry.npmjs.org/array-buffer-byte-length set size:undefined disposed:false
1209 silly fetch manifest es-set-tostringtag@^2.1.0
1210 silly packumentCache full:https://registry.npmjs.org/es-set-tostringtag cache-miss
1211 http fetch GET 200 https://registry.npmjs.org/define-data-property 418ms (cache miss)
1212 silly packumentCache full:https://registry.npmjs.org/define-data-property set size:undefined disposed:false
1213 silly fetch manifest es-to-primitive@^1.3.0
1214 silly packumentCache full:https://registry.npmjs.org/es-to-primitive cache-miss
1215 http fetch GET 200 https://registry.npmjs.org/available-typed-arrays 418ms (cache miss)
1216 silly packumentCache full:https://registry.npmjs.org/available-typed-arrays set size:undefined disposed:false
1217 silly fetch manifest function.prototype.name@^1.1.8
1218 silly packumentCache full:https://registry.npmjs.org/function.prototype.name cache-miss
1219 http fetch GET 200 https://registry.npmjs.org/es-define-property 434ms (cache miss)
1220 silly packumentCache full:https://registry.npmjs.org/es-define-property set size:undefined disposed:false
1221 silly fetch manifest get-proto@^1.0.1
1222 silly packumentCache full:https://registry.npmjs.org/get-proto cache-miss
1223 http fetch GET 200 https://registry.npmjs.org/data-view-byte-length 384ms (cache miss)
1224 silly packumentCache full:https://registry.npmjs.org/data-view-byte-length set size:undefined disposed:false
1225 silly fetch manifest get-symbol-description@^1.1.0
1226 silly packumentCache full:https://registry.npmjs.org/get-symbol-description cache-miss
1227 http fetch GET 200 https://registry.npmjs.org/arraybuffer.prototype.slice 439ms (cache miss)
1228 silly packumentCache full:https://registry.npmjs.org/arraybuffer.prototype.slice set size:undefined disposed:false
1229 silly fetch manifest globalthis@^1.0.4
1230 silly packumentCache full:https://registry.npmjs.org/globalthis cache-miss
1231 http fetch GET 200 https://registry.npmjs.org/data-view-buffer 400ms (cache miss)
1232 silly packumentCache full:https://registry.npmjs.org/data-view-buffer set size:undefined disposed:false
1233 silly fetch manifest gopd@^1.2.0
1234 silly packumentCache full:https://registry.npmjs.org/gopd cache-miss
1235 http fetch GET 200 https://registry.npmjs.org/call-bind-apply-helpers 454ms (cache miss)
1236 silly packumentCache full:https://registry.npmjs.org/call-bind-apply-helpers set size:undefined disposed:false
1237 silly fetch manifest has-property-descriptors@^1.0.2
1238 silly packumentCache full:https://registry.npmjs.org/has-property-descriptors cache-miss
1239 http fetch GET 200 https://registry.npmjs.org/call-bind-apply-helpers 452ms (cache miss)
1240 silly packumentCache full:https://registry.npmjs.org/call-bind-apply-helpers set size:undefined disposed:false
1241 silly fetch manifest has-proto@^1.2.0
1242 silly packumentCache full:https://registry.npmjs.org/has-proto cache-miss
1243 http cache https://registry.npmjs.org/es-define-property 48ms (cache hit)
1244 silly packumentCache full:https://registry.npmjs.org/es-define-property set size:8542 disposed:false
1245 silly fetch manifest has-symbols@^1.1.0
1246 silly packumentCache full:https://registry.npmjs.org/has-symbols cache-miss
1247 http cache https://registry.npmjs.org/has-property-descriptors 19ms (cache hit)
1248 silly packumentCache full:https://registry.npmjs.org/has-property-descriptors set size:12452 disposed:false
1249 silly fetch manifest internal-slot@^1.1.0
1250 silly packumentCache full:https://registry.npmjs.org/internal-slot cache-miss
1251 http fetch GET 200 https://registry.npmjs.org/get-proto 47ms (cache miss)
1252 silly packumentCache full:https://registry.npmjs.org/get-proto set size:undefined disposed:false
1253 silly fetch manifest is-array-buffer@^3.0.5
1254 silly packumentCache full:https://registry.npmjs.org/is-array-buffer cache-miss
1255 http fetch GET 200 https://registry.npmjs.org/data-view-byte-offset 401ms (cache miss)
1256 silly packumentCache full:https://registry.npmjs.org/data-view-byte-offset set size:undefined disposed:false
1257 silly fetch manifest is-callable@^1.2.7
1258 silly packumentCache full:https://registry.npmjs.org/is-callable cache-miss
1259 http fetch GET 200 https://registry.npmjs.org/es-set-tostringtag 396ms (cache miss)
1260 silly packumentCache full:https://registry.npmjs.org/es-set-tostringtag set size:undefined disposed:false
1261 silly fetch manifest is-data-view@^1.0.2
1262 silly packumentCache full:https://registry.npmjs.org/is-data-view cache-miss
1263 http fetch GET 200 https://registry.npmjs.org/globalthis 378ms (cache miss)
1264 silly packumentCache full:https://registry.npmjs.org/globalthis set size:undefined disposed:false
1265 silly fetch manifest is-negative-zero@^2.0.3
1266 silly packumentCache full:https://registry.npmjs.org/is-negative-zero cache-miss
1267 http fetch GET 200 https://registry.npmjs.org/gopd 381ms (cache miss)
1268 silly packumentCache full:https://registry.npmjs.org/gopd set size:undefined disposed:false
1269 silly fetch manifest is-regex@^1.2.1
1270 silly packumentCache full:https://registry.npmjs.org/is-regex cache-miss
1271 http fetch GET 200 https://registry.npmjs.org/internal-slot 357ms (cache miss)
1272 silly packumentCache full:https://registry.npmjs.org/internal-slot set size:undefined disposed:false
1273 silly fetch manifest is-set@^2.0.3
1274 silly packumentCache full:https://registry.npmjs.org/is-set cache-miss
1275 http fetch GET 200 https://registry.npmjs.org/get-symbol-description 394ms (cache miss)
1276 silly packumentCache full:https://registry.npmjs.org/get-symbol-description set size:undefined disposed:false
1277 silly fetch manifest is-shared-array-buffer@^1.0.4
1278 silly packumentCache full:https://registry.npmjs.org/is-shared-array-buffer cache-miss
1279 http fetch GET 200 https://registry.npmjs.org/es-to-primitive 414ms (cache miss)
1280 silly packumentCache full:https://registry.npmjs.org/es-to-primitive set size:undefined disposed:false
1281 silly fetch manifest is-typed-array@^1.1.15
1282 silly packumentCache full:https://registry.npmjs.org/is-typed-array cache-miss
1283 http fetch GET 200 https://registry.npmjs.org/has-symbols 376ms (cache miss)
1284 silly packumentCache full:https://registry.npmjs.org/has-symbols set size:undefined disposed:false
1285 silly fetch manifest is-weakref@^1.1.1
1286 silly packumentCache full:https://registry.npmjs.org/is-weakref cache-miss
1287 http fetch GET 200 https://registry.npmjs.org/function.prototype.name 419ms (cache miss)
1288 silly packumentCache full:https://registry.npmjs.org/function.prototype.name set size:undefined disposed:false
1289 silly fetch manifest object-inspect@^1.13.4
1290 silly packumentCache full:https://registry.npmjs.org/object-inspect cache-miss
1291 http fetch GET 200 https://registry.npmjs.org/is-array-buffer 368ms (cache miss)
1292 silly packumentCache full:https://registry.npmjs.org/is-array-buffer set size:undefined disposed:false
1293 silly fetch manifest object.assign@^4.1.7
1294 silly packumentCache full:https://registry.npmjs.org/object.assign cache-miss
1295 http fetch GET 200 https://registry.npmjs.org/has-proto 400ms (cache miss)
1296 silly packumentCache full:https://registry.npmjs.org/has-proto set size:undefined disposed:false
1297 silly fetch manifest own-keys@^1.0.1
1298 silly packumentCache full:https://registry.npmjs.org/own-keys cache-miss
1299 http fetch GET 200 https://registry.npmjs.org/own-keys 355ms (cache miss)
1300 silly packumentCache full:https://registry.npmjs.org/own-keys set size:undefined disposed:false
1301 silly fetch manifest regexp.prototype.flags@^1.5.4
1302 silly packumentCache full:https://registry.npmjs.org/regexp.prototype.flags cache-miss
1303 http fetch GET 200 https://registry.npmjs.org/is-regex 385ms (cache miss)
1304 silly packumentCache full:https://registry.npmjs.org/is-regex set size:undefined disposed:false
1305 silly fetch manifest safe-array-concat@^1.1.3
1306 silly packumentCache full:https://registry.npmjs.org/safe-array-concat cache-miss
1307 http fetch GET 200 https://registry.npmjs.org/is-negative-zero 396ms (cache miss)
1308 silly packumentCache full:https://registry.npmjs.org/is-negative-zero set size:undefined disposed:false
1309 silly fetch manifest safe-push-apply@^1.0.0
1310 silly packumentCache full:https://registry.npmjs.org/safe-push-apply cache-miss
1311 http fetch GET 200 https://registry.npmjs.org/is-data-view 405ms (cache miss)
1312 silly packumentCache full:https://registry.npmjs.org/is-data-view set size:undefined disposed:false
1313 silly fetch manifest safe-regex-test@^1.1.0
1314 silly packumentCache full:https://registry.npmjs.org/safe-regex-test cache-miss
1315 http fetch GET 200 https://registry.npmjs.org/is-set 397ms (cache miss)
1316 silly packumentCache full:https://registry.npmjs.org/is-set set size:undefined disposed:false
1317 silly fetch manifest set-proto@^1.0.0
1318 silly packumentCache full:https://registry.npmjs.org/set-proto cache-miss
1319 http fetch GET 200 https://registry.npmjs.org/is-callable 425ms (cache miss)
1320 silly packumentCache full:https://registry.npmjs.org/is-callable set size:undefined disposed:false
1321 silly fetch manifest stop-iteration-iterator@^1.1.0
1322 silly packumentCache full:https://registry.npmjs.org/stop-iteration-iterator cache-miss
1323 http fetch GET 200 https://registry.npmjs.org/object-inspect 396ms (cache miss)
1324 silly packumentCache full:https://registry.npmjs.org/object-inspect set size:undefined disposed:false
1325 silly fetch manifest string.prototype.trim@^1.2.10
1326 silly packumentCache full:https://registry.npmjs.org/string.prototype.trim cache-miss
1327 http fetch GET 200 https://registry.npmjs.org/is-shared-array-buffer 422ms (cache miss)
1328 silly packumentCache full:https://registry.npmjs.org/is-shared-array-buffer set size:undefined disposed:false
1329 silly fetch manifest string.prototype.trimstart@^1.0.8
1330 silly packumentCache full:https://registry.npmjs.org/string.prototype.trimstart cache-miss
1331 http cache https://registry.npmjs.org/safe-regex-test 35ms (cache hit)
1332 silly packumentCache full:https://registry.npmjs.org/safe-regex-test set size:17412 disposed:false
1333 silly fetch manifest typed-array-buffer@^1.0.3
1334 silly packumentCache full:https://registry.npmjs.org/typed-array-buffer cache-miss
1335 http fetch GET 200 https://registry.npmjs.org/is-typed-array 427ms (cache miss)
1336 silly packumentCache full:https://registry.npmjs.org/is-typed-array set size:undefined disposed:false
1337 silly fetch manifest typed-array-byte-length@^1.0.3
1338 silly packumentCache full:https://registry.npmjs.org/typed-array-byte-length cache-miss
1339 http fetch GET 200 https://registry.npmjs.org/is-weakref 430ms (cache miss)
1340 silly packumentCache full:https://registry.npmjs.org/is-weakref set size:undefined disposed:false
1341 silly fetch manifest typed-array-byte-offset@^1.0.4
1342 silly packumentCache full:https://registry.npmjs.org/typed-array-byte-offset cache-miss
1343 http fetch GET 200 https://registry.npmjs.org/safe-array-concat 302ms (cache miss)
1344 silly packumentCache full:https://registry.npmjs.org/safe-array-concat set size:undefined disposed:false
1345 silly fetch manifest typed-array-length@^1.0.7
1346 silly packumentCache full:https://registry.npmjs.org/typed-array-length cache-miss
1347 http fetch GET 200 https://registry.npmjs.org/safe-push-apply 303ms (cache miss)
1348 silly packumentCache full:https://registry.npmjs.org/safe-push-apply set size:undefined disposed:false
1349 silly fetch manifest unbox-primitive@^1.1.0
1350 silly packumentCache full:https://registry.npmjs.org/unbox-primitive cache-miss
1351 http fetch GET 200 https://registry.npmjs.org/object.assign 676ms (cache miss)
1352 silly packumentCache full:https://registry.npmjs.org/object.assign set size:undefined disposed:false
1353 silly fetch manifest which-typed-array@^1.1.19
1354 silly packumentCache full:https://registry.npmjs.org/which-typed-array cache-miss
1355 http fetch GET 200 https://registry.npmjs.org/regexp.prototype.flags 338ms (cache miss)
1356 silly packumentCache full:https://registry.npmjs.org/regexp.prototype.flags set size:undefined disposed:false
1357 silly fetch manifest has-tostringtag@^1.0.2
1358 silly packumentCache full:https://registry.npmjs.org/has-tostringtag cache-miss
1359 http fetch GET 200 https://registry.npmjs.org/stop-iteration-iterator 320ms (cache miss)
1360 silly packumentCache full:https://registry.npmjs.org/stop-iteration-iterator set size:undefined disposed:false
1361 http fetch GET 200 https://registry.npmjs.org/set-proto 334ms (cache miss)
1362 silly packumentCache full:https://registry.npmjs.org/set-proto set size:undefined disposed:false
1363 http fetch GET 200 https://registry.npmjs.org/string.prototype.trim 327ms (cache miss)
1364 silly packumentCache full:https://registry.npmjs.org/string.prototype.trim set size:undefined disposed:false
1365 http fetch GET 200 https://registry.npmjs.org/typed-array-byte-length 312ms (cache miss)
1366 silly packumentCache full:https://registry.npmjs.org/typed-array-byte-length set size:undefined disposed:false
1367 http fetch GET 200 https://registry.npmjs.org/string.prototype.trimstart 329ms (cache miss)
1368 silly packumentCache full:https://registry.npmjs.org/string.prototype.trimstart set size:undefined disposed:false
1369 http fetch GET 200 https://registry.npmjs.org/typed-array-buffer 330ms (cache miss)
1370 silly packumentCache full:https://registry.npmjs.org/typed-array-buffer set size:undefined disposed:false
1371 http fetch GET 200 https://registry.npmjs.org/typed-array-byte-offset 332ms (cache miss)
1372 silly packumentCache full:https://registry.npmjs.org/typed-array-byte-offset set size:undefined disposed:false
1373 http fetch GET 200 https://registry.npmjs.org/unbox-primitive 360ms (cache miss)
1374 silly packumentCache full:https://registry.npmjs.org/unbox-primitive set size:undefined disposed:false
1375 http fetch GET 200 https://registry.npmjs.org/has-tostringtag 334ms (cache miss)
1376 silly packumentCache full:https://registry.npmjs.org/has-tostringtag set size:undefined disposed:false
1377 http fetch GET 200 https://registry.npmjs.org/typed-array-length 372ms (cache miss)
1378 silly packumentCache full:https://registry.npmjs.org/typed-array-length set size:undefined disposed:false
1379 http fetch GET 200 https://registry.npmjs.org/which-typed-array 363ms (cache miss)
1380 silly packumentCache full:https://registry.npmjs.org/which-typed-array set size:undefined disposed:false
1381 silly placeDep ROOT es-errors@1.3.0 OK for: array.prototype.findlastindex@1.2.6 want: ^1.3.0
1382 silly placeDep ROOT call-bind-apply-helpers@1.0.2 OK for: call-bind@1.0.9 want: ^1.0.2
1383 silly placeDep ROOT es-define-property@1.0.1 OK for: call-bind@1.0.9 want: ^1.0.1
1384 silly placeDep ROOT get-intrinsic@1.3.0 OK for: call-bind@1.0.9 want: ^1.3.0
1385 silly placeDep ROOT set-function-length@1.2.2 OK for: call-bind@1.0.9 want: ^1.2.2
1386 silly fetch manifest define-data-property@^1.1.4
1387 silly packumentCache full:https://registry.npmjs.org/define-data-property cache-miss
1388 silly fetch manifest gopd@^1.0.1
1389 silly packumentCache full:https://registry.npmjs.org/gopd cache-miss
1390 http cache https://registry.npmjs.org/gopd 11ms (cache hit)
1391 silly packumentCache full:https://registry.npmjs.org/gopd set size:11483 disposed:false
1392 http cache https://registry.npmjs.org/define-data-property 15ms (cache hit)
1393 silly packumentCache full:https://registry.npmjs.org/define-data-property set size:28048 disposed:false
1394 silly placeDep ROOT function-bind@1.1.2 OK for: call-bind-apply-helpers@1.0.2 want: ^1.1.2
1395 silly placeDep ROOT define-data-property@1.1.4 OK for: define-properties@1.2.1 want: ^1.0.1
1396 silly placeDep ROOT has-property-descriptors@1.0.2 OK for: define-properties@1.2.1 want: ^1.0.0
1397 silly placeDep ROOT object-keys@1.1.1 OK for: define-properties@1.2.1 want: ^1.1.1
1398 silly placeDep ROOT gopd@1.2.0 OK for: define-data-property@1.1.4 want: ^1.0.1
1399 silly placeDep ROOT array-buffer-byte-length@1.0.2 OK for: es-abstract@1.24.2 want: ^1.0.2
1400 silly placeDep ROOT arraybuffer.prototype.slice@1.0.4 OK for: es-abstract@1.24.2 want: ^1.0.4
1401 silly placeDep ROOT available-typed-arrays@1.0.7 OK for: es-abstract@1.24.2 want: ^1.0.7
1402 silly placeDep ROOT data-view-buffer@1.0.2 OK for: es-abstract@1.24.2 want: ^1.0.2
1403 silly placeDep ROOT data-view-byte-length@1.0.2 OK for: es-abstract@1.24.2 want: ^1.0.2
1404 silly placeDep ROOT data-view-byte-offset@1.0.1 OK for: es-abstract@1.24.2 want: ^1.0.1
1405 silly placeDep ROOT es-set-tostringtag@2.1.0 OK for: es-abstract@1.24.2 want: ^2.1.0
1406 silly placeDep ROOT es-to-primitive@1.3.4 OK for: es-abstract@1.24.2 want: ^1.3.0
1407 silly placeDep ROOT function.prototype.name@1.2.0 OK for: es-abstract@1.24.2 want: ^1.1.8
1408 silly placeDep ROOT get-proto@1.0.1 OK for: es-abstract@1.24.2 want: ^1.0.1
1409 silly placeDep ROOT get-symbol-description@1.1.0 OK for: es-abstract@1.24.2 want: ^1.1.0
1410 silly placeDep ROOT globalthis@1.0.4 OK for: es-abstract@1.24.2 want: ^1.0.4
1411 silly placeDep ROOT has-proto@1.2.0 OK for: es-abstract@1.24.2 want: ^1.2.0
1412 silly placeDep ROOT has-symbols@1.1.0 OK for: es-abstract@1.24.2 want: ^1.1.0
1413 silly placeDep ROOT internal-slot@1.1.0 OK for: es-abstract@1.24.2 want: ^1.1.0
1414 silly placeDep ROOT is-array-buffer@3.0.5 OK for: es-abstract@1.24.2 want: ^3.0.5
1415 silly placeDep ROOT is-callable@1.2.7 OK for: es-abstract@1.24.2 want: ^1.2.7
1416 silly placeDep ROOT is-data-view@1.0.2 OK for: es-abstract@1.24.2 want: ^1.0.2
1417 silly placeDep ROOT is-negative-zero@2.0.3 OK for: es-abstract@1.24.2 want: ^2.0.3
1418 silly placeDep ROOT is-regex@1.2.1 OK for: es-abstract@1.24.2 want: ^1.2.1
1419 silly placeDep ROOT is-set@2.0.3 OK for: es-abstract@1.24.2 want: ^2.0.3
1420 silly placeDep ROOT is-shared-array-buffer@1.0.4 OK for: es-abstract@1.24.2 want: ^1.0.4
1421 silly placeDep ROOT is-typed-array@1.1.15 OK for: es-abstract@1.24.2 want: ^1.1.15
1422 silly placeDep ROOT is-weakref@1.1.1 OK for: es-abstract@1.24.2 want: ^1.1.1
1423 silly placeDep ROOT object-inspect@1.13.4 OK for: es-abstract@1.24.2 want: ^1.13.4
1424 silly placeDep ROOT object.assign@4.1.7 OK for: es-abstract@1.24.2 want: ^4.1.7
1425 silly placeDep ROOT own-keys@1.0.2 OK for: es-abstract@1.24.2 want: ^1.0.1
1426 silly placeDep ROOT regexp.prototype.flags@1.5.4 OK for: es-abstract@1.24.2 want: ^1.5.4
1427 silly placeDep ROOT safe-array-concat@1.1.4 OK for: es-abstract@1.24.2 want: ^1.1.3
1428 silly placeDep ROOT safe-push-apply@1.0.0 OK for: es-abstract@1.24.2 want: ^1.0.0
1429 silly placeDep ROOT safe-regex-test@1.1.0 OK for: es-abstract@1.24.2 want: ^1.1.0
1430 silly placeDep ROOT set-proto@1.0.0 OK for: es-abstract@1.24.2 want: ^1.0.0
1431 silly placeDep ROOT stop-iteration-iterator@1.1.0 OK for: es-abstract@1.24.2 want: ^1.1.0
1432 silly placeDep ROOT string.prototype.trim@1.2.11 OK for: es-abstract@1.24.2 want: ^1.2.10
1433 silly placeDep ROOT string.prototype.trimstart@1.0.8 OK for: es-abstract@1.24.2 want: ^1.0.8
1434 silly placeDep ROOT typed-array-buffer@1.0.3 OK for: es-abstract@1.24.2 want: ^1.0.3
1435 silly placeDep ROOT typed-array-byte-length@1.0.3 OK for: es-abstract@1.24.2 want: ^1.0.3
1436 silly placeDep ROOT typed-array-byte-offset@1.0.5 OK for: es-abstract@1.24.2 want: ^1.0.4
1437 silly placeDep ROOT typed-array-length@1.0.8 OK for: es-abstract@1.24.2 want: ^1.0.7
1438 silly placeDep ROOT unbox-primitive@1.1.0 OK for: es-abstract@1.24.2 want: ^1.1.0
1439 silly placeDep ROOT which-typed-array@1.1.24 OK for: es-abstract@1.24.2 want: ^1.1.19
1440 silly fetch manifest is-array-buffer@^3.0.4
1441 silly packumentCache full:https://registry.npmjs.org/is-array-buffer cache-miss
1442 silly fetch manifest possible-typed-array-names@^1.0.0
1443 silly packumentCache full:https://registry.npmjs.org/possible-typed-array-names cache-miss
1444 silly fetch manifest is-data-view@^1.0.1
1445 silly packumentCache full:https://registry.npmjs.org/is-data-view cache-miss
1446 silly fetch manifest is-symbol@^1.1.1
1447 silly packumentCache full:https://registry.npmjs.org/is-symbol cache-miss
1448 silly fetch manifest is-date-object@^1.1.0
1449 silly packumentCache full:https://registry.npmjs.org/is-date-object cache-miss
1450 silly fetch manifest es-abstract-get@^1.0.0
1451 silly packumentCache full:https://registry.npmjs.org/es-abstract-get cache-miss
1452 silly fetch manifest is-document.all@^1.0.0
1453 silly packumentCache full:https://registry.npmjs.org/is-document.all cache-miss
1454 silly fetch manifest functions-have-names@^1.2.3
1455 silly packumentCache full:https://registry.npmjs.org/functions-have-names cache-miss
1456 silly fetch manifest dunder-proto@^1.0.1
1457 silly packumentCache full:https://registry.npmjs.org/dunder-proto cache-miss
1458 silly fetch manifest dunder-proto@^1.0.0
1459 silly packumentCache full:https://registry.npmjs.org/dunder-proto cache-miss
1460 silly fetch manifest side-channel@^1.1.0
1461 silly packumentCache full:https://registry.npmjs.org/side-channel cache-miss
1462 http cache https://registry.npmjs.org/is-data-view 31ms (cache hit)
1463 silly packumentCache full:https://registry.npmjs.org/is-data-view set size:13756 disposed:false
1464 silly fetch manifest is-typed-array@^1.1.13
1465 silly packumentCache full:https://registry.npmjs.org/is-typed-array cache-miss
1466 http cache https://registry.npmjs.org/is-array-buffer 37ms (cache hit)
1467 silly packumentCache full:https://registry.npmjs.org/is-array-buffer set size:33562 disposed:false
1468 silly fetch manifest which-typed-array@^1.1.16
1469 silly packumentCache full:https://registry.npmjs.org/which-typed-array cache-miss
1470 http fetch GET 200 https://registry.npmjs.org/dunder-proto 45ms (cache miss)
1471 silly packumentCache full:https://registry.npmjs.org/dunder-proto set size:undefined disposed:false
1472 silly fetch manifest set-function-name@^2.0.2
1473 silly packumentCache full:https://registry.npmjs.org/set-function-name cache-miss
1474 http cache https://registry.npmjs.org/is-typed-array 25ms (cache hit)
1475 silly packumentCache full:https://registry.npmjs.org/is-typed-array set size:79965 disposed:false
1476 silly fetch manifest isarray@^2.0.5
1477 silly packumentCache full:https://registry.npmjs.org/isarray cache-miss
1478 http fetch GET 200 https://registry.npmjs.org/dunder-proto 59ms (cache miss)
1479 silly packumentCache full:https://registry.npmjs.org/dunder-proto set size:undefined disposed:false
1480 silly fetch manifest isarray@^2.0.5
1481 silly packumentCache full:https://registry.npmjs.org/isarray cache-miss
1482 http cache https://registry.npmjs.org/which-typed-array 29ms (cache hit)
1483 silly packumentCache full:https://registry.npmjs.org/which-typed-array set size:109574 disposed:false
1484 silly fetch manifest for-each@^0.3.3
1485 silly packumentCache full:https://registry.npmjs.org/for-each cache-miss
1486 http fetch GET 200 https://registry.npmjs.org/side-channel 69ms (cache miss)
1487 silly packumentCache full:https://registry.npmjs.org/side-channel set size:undefined disposed:false
1488 silly fetch manifest for-each@^0.3.5
1489 silly packumentCache full:https://registry.npmjs.org/for-each cache-miss
1490 http fetch GET 200 https://registry.npmjs.org/possible-typed-array-names 358ms (cache miss)
1491 silly packumentCache full:https://registry.npmjs.org/possible-typed-array-names set size:undefined disposed:false
1492 silly fetch manifest reflect.getprototypeof@^1.0.10
1493 silly packumentCache full:https://registry.npmjs.org/reflect.getprototypeof cache-miss
1494 http fetch GET 200 https://registry.npmjs.org/functions-have-names 357ms (cache miss)
1495 silly packumentCache full:https://registry.npmjs.org/functions-have-names set size:undefined disposed:false
1496 silly fetch manifest for-each@^0.3.5
1497 silly packumentCache full:https://registry.npmjs.org/for-each cache-miss
1498 http fetch GET 200 https://registry.npmjs.org/es-abstract-get 363ms (cache miss)
1499 silly packumentCache full:https://registry.npmjs.org/es-abstract-get set size:undefined disposed:false
1500 silly fetch manifest possible-typed-array-names@^1.1.0
1501 silly packumentCache full:https://registry.npmjs.org/possible-typed-array-names cache-miss
1502 http fetch GET 200 https://registry.npmjs.org/is-symbol 368ms (cache miss)
1503 silly packumentCache full:https://registry.npmjs.org/is-symbol set size:undefined disposed:false
1504 silly fetch manifest reflect.getprototypeof@^1.0.10
1505 silly packumentCache full:https://registry.npmjs.org/reflect.getprototypeof cache-miss
1506 http fetch GET 200 https://registry.npmjs.org/is-date-object 371ms (cache miss)
1507 silly packumentCache full:https://registry.npmjs.org/is-date-object set size:undefined disposed:false
1508 silly fetch manifest has-bigints@^1.0.2
1509 silly packumentCache full:https://registry.npmjs.org/has-bigints cache-miss
1510 http fetch GET 200 https://registry.npmjs.org/is-document.all 373ms (cache miss)
1511 silly packumentCache full:https://registry.npmjs.org/is-document.all set size:undefined disposed:false
1512 silly fetch manifest which-boxed-primitive@^1.1.1
1513 silly packumentCache full:https://registry.npmjs.org/which-boxed-primitive cache-miss
1514 http fetch GET 200 https://registry.npmjs.org/set-function-name 337ms (cache miss)
1515 silly packumentCache full:https://registry.npmjs.org/set-function-name set size:undefined disposed:false
1516 silly fetch manifest for-each@^0.3.5
1517 silly packumentCache full:https://registry.npmjs.org/for-each cache-miss
1518 http cache https://registry.npmjs.org/possible-typed-array-names 34ms (cache hit)
1519 silly packumentCache full:https://registry.npmjs.org/possible-typed-array-names set size:9167 disposed:false
1520 http fetch GET 200 https://registry.npmjs.org/for-each 327ms (cache miss)
1521 silly packumentCache full:https://registry.npmjs.org/for-each set size:undefined disposed:false
1522 http fetch GET 200 https://registry.npmjs.org/for-each 45ms (cache miss)
1523 silly packumentCache full:https://registry.npmjs.org/for-each set size:undefined disposed:false
1524 http fetch GET 200 https://registry.npmjs.org/for-each 337ms (cache miss)
1525 silly packumentCache full:https://registry.npmjs.org/for-each set size:undefined disposed:false
1526 http fetch GET 200 https://registry.npmjs.org/isarray 350ms (cache miss)
1527 silly packumentCache full:https://registry.npmjs.org/isarray set size:undefined disposed:false
1528 http fetch GET 200 https://registry.npmjs.org/isarray 348ms (cache miss)
1529 silly packumentCache full:https://registry.npmjs.org/isarray set size:undefined disposed:false
1530 http fetch GET 200 https://registry.npmjs.org/for-each 31ms (cache miss)
1531 silly packumentCache full:https://registry.npmjs.org/for-each set size:undefined disposed:false
1532 http fetch GET 200 https://registry.npmjs.org/has-bigints 407ms (cache miss)
1533 silly packumentCache full:https://registry.npmjs.org/has-bigints set size:undefined disposed:false
1534 http fetch GET 200 https://registry.npmjs.org/reflect.getprototypeof 415ms (cache miss)
1535 silly packumentCache full:https://registry.npmjs.org/reflect.getprototypeof set size:undefined disposed:false
1536 http fetch GET 200 https://registry.npmjs.org/which-boxed-primitive 413ms (cache miss)
1537 silly packumentCache full:https://registry.npmjs.org/which-boxed-primitive set size:undefined disposed:false
1538 http fetch GET 200 https://registry.npmjs.org/reflect.getprototypeof 435ms (cache miss)
1539 silly packumentCache full:https://registry.npmjs.org/reflect.getprototypeof set size:undefined disposed:false
1540 silly placeDep ROOT possible-typed-array-names@1.1.0 OK for: available-typed-arrays@1.0.7 want: ^1.0.0
1541 silly placeDep ROOT has-tostringtag@1.0.2 OK for: es-set-tostringtag@2.1.0 want: ^1.0.2
1542 silly placeDep ROOT es-abstract-get@1.0.0 OK for: es-to-primitive@1.3.4 want: ^1.0.0
1543 silly placeDep ROOT is-date-object@1.1.0 OK for: es-to-primitive@1.3.4 want: ^1.1.0
1544 silly placeDep ROOT is-symbol@1.1.1 OK for: es-to-primitive@1.3.4 want: ^1.1.1
1545 silly placeDep node_modules/eslint-module-utils debug@3.2.7 OK for: eslint-module-utils@2.14.0 want: ^3.2.7
1546 silly placeDep ROOT aria-query@5.3.2 OK for: eslint-plugin-jsx-a11y@6.10.2 want: ^5.3.2
1547 silly placeDep ROOT ast-types-flow@0.0.8 OK for: eslint-plugin-jsx-a11y@6.10.2 want: ^0.0.8
1548 silly placeDep ROOT axe-core@4.13.0 OK for: eslint-plugin-jsx-a11y@6.10.2 want: ^4.10.0
1549 silly placeDep ROOT axobject-query@4.1.0 OK for: eslint-plugin-jsx-a11y@6.10.2 want: ^4.1.0
1550 silly placeDep ROOT damerau-levenshtein@1.0.8 OK for: eslint-plugin-jsx-a11y@6.10.2 want: ^1.0.8
1551 silly placeDep ROOT emoji-regex@9.2.2 OK for: eslint-plugin-jsx-a11y@6.10.2 want: ^9.2.2
1552 silly placeDep ROOT jsx-ast-utils@3.3.5 OK for: eslint-plugin-jsx-a11y@6.10.2 want: ^3.3.5
1553 silly placeDep ROOT language-tags@1.0.9 OK for: eslint-plugin-jsx-a11y@6.10.2 want: ^1.0.9
1554 silly placeDep ROOT string.prototype.includes@2.0.1 OK for: eslint-plugin-jsx-a11y@6.10.2 want: ^2.0.1
1555 silly fetch manifest language-subtag-registry@^0.3.20
1556 silly packumentCache full:https://registry.npmjs.org/language-subtag-registry cache-miss
1557 http fetch GET 200 https://registry.npmjs.org/language-subtag-registry 409ms (cache miss)
1558 silly packumentCache full:https://registry.npmjs.org/language-subtag-registry set size:undefined disposed:false
1559 silly placeDep ROOT array.prototype.findlast@1.2.5 OK for: eslint-plugin-react@7.37.5 want: ^1.2.5
1560 silly placeDep ROOT array.prototype.tosorted@1.1.4 OK for: eslint-plugin-react@7.37.5 want: ^1.1.4
1561 silly placeDep ROOT es-iterator-helpers@1.4.0 OK for: eslint-plugin-react@7.37.5 want: ^1.2.1
1562 silly placeDep ROOT estraverse@5.3.0 OK for: eslint-plugin-react@7.37.5 want: ^5.3.0
1563 silly placeDep ROOT object.entries@1.1.9 OK for: eslint-plugin-react@7.37.5 want: ^1.1.9
1564 silly placeDep ROOT prop-types@15.8.1 OK for: eslint-plugin-react@7.37.5 want: ^15.8.1
1565 silly placeDep ROOT string.prototype.matchall@4.1.0 OK for: eslint-plugin-react@7.37.5 want: ^4.0.12
1566 silly placeDep ROOT string.prototype.repeat@1.0.0 OK for: eslint-plugin-react@7.37.5 want: ^1.0.0
1567 silly fetch manifest iterator.prototype@^1.1.5
1568 silly packumentCache full:https://registry.npmjs.org/iterator.prototype cache-miss
1569 silly fetch manifest loose-envify@^1.4.0
1570 silly packumentCache full:https://registry.npmjs.org/loose-envify cache-miss
1571 silly fetch manifest object-assign@^4.1.1
1572 silly packumentCache full:https://registry.npmjs.org/object-assign cache-miss
1573 silly fetch manifest react-is@^16.13.1
1574 silly packumentCache full:https://registry.npmjs.org/react-is cache-miss
1575 silly fetch manifest side-channel@^1.1.1
1576 silly packumentCache full:https://registry.npmjs.org/side-channel cache-miss
1577 http cache https://registry.npmjs.org/side-channel 30ms (cache hit)
1578 silly packumentCache full:https://registry.npmjs.org/side-channel set size:27650 disposed:false
1579 http fetch GET 200 https://registry.npmjs.org/iterator.prototype 363ms (cache miss)
1580 silly packumentCache full:https://registry.npmjs.org/iterator.prototype set size:undefined disposed:false
1581 http fetch GET 200 https://registry.npmjs.org/loose-envify 370ms (cache miss)
1582 silly packumentCache full:https://registry.npmjs.org/loose-envify set size:undefined disposed:false
1583 http fetch GET 200 https://registry.npmjs.org/object-assign 373ms (cache miss)
1584 silly packumentCache full:https://registry.npmjs.org/object-assign set size:undefined disposed:false
1585 http fetch GET 200 https://registry.npmjs.org/react-is 563ms (cache miss)
1586 silly packumentCache full:https://registry.npmjs.org/react-is set size:undefined disposed:false
1587 silly placeDep ROOT iterator.prototype@1.1.5 OK for: es-iterator-helpers@1.4.0 want: ^1.1.5
1588 silly placeDep ROOT @babel/core@7.29.7 OK for: eslint-plugin-react-hooks@7.1.1 want: ^7.24.4
1589 silly placeDep ROOT @babel/parser@7.29.9 OK for: eslint-plugin-react-hooks@7.1.1 want: ^7.24.4
1590 silly placeDep ROOT hermes-parser@0.25.1 OK for: eslint-plugin-react-hooks@7.1.1 want: ^0.25.1
1591 silly placeDep ROOT zod@4.6.5 OK for: eslint-plugin-react-hooks@7.1.1 want: ^3.25.0 || ^4.0.0
1592 silly placeDep ROOT zod-validation-error@4.0.2 OK for: eslint-plugin-react-hooks@7.1.1 want: ^3.5.0 || ^4.0.0
1593 silly fetch manifest json5@^2.2.3
1594 silly packumentCache full:https://registry.npmjs.org/json5 cache-miss
1595 silly fetch manifest gensync@^1.0.0-beta.2
1596 silly packumentCache full:https://registry.npmjs.org/gensync cache-miss
1597 silly fetch manifest @babel/types@^7.29.7
1598 silly packumentCache full:https://registry.npmjs.org/@babel%2ftypes cache-miss
1599 silly fetch manifest @babel/parser@^7.29.7
1600 silly packumentCache full:https://registry.npmjs.org/@babel%2fparser cache-miss
1601 silly fetch manifest @babel/helpers@^7.29.7
1602 silly packumentCache full:https://registry.npmjs.org/@babel%2fhelpers cache-miss
1603 silly fetch manifest @babel/template@^7.29.7
1604 silly packumentCache full:https://registry.npmjs.org/@babel%2ftemplate cache-miss
1605 silly fetch manifest @babel/traverse@^7.29.7
1606 silly packumentCache full:https://registry.npmjs.org/@babel%2ftraverse cache-miss
1607 silly fetch manifest @babel/generator@^7.29.7
1608 silly packumentCache full:https://registry.npmjs.org/@babel%2fgenerator cache-miss
1609 silly fetch manifest @babel/code-frame@^7.29.7
1610 silly packumentCache full:https://registry.npmjs.org/@babel%2fcode-frame cache-miss
1611 silly fetch manifest convert-source-map@^2.0.0
1612 silly packumentCache full:https://registry.npmjs.org/convert-source-map cache-miss
1613 silly fetch manifest @jridgewell/remapping@^2.3.5
1614 silly packumentCache full:https://registry.npmjs.org/@jridgewell%2fremapping cache-miss
1615 http cache https://registry.npmjs.org/json5 94ms (cache hit)
1616 silly packumentCache full:https://registry.npmjs.org/json5 set size:86136 disposed:false
1617 silly fetch manifest @babel/helper-module-transforms@^7.29.7
1618 silly packumentCache full:https://registry.npmjs.org/@babel%2fhelper-module-transforms cache-miss
1619 http cache https://registry.npmjs.org/@babel%2fparser 105ms (cache hit)
1620 silly packumentCache full:https://registry.npmjs.org/@babel%2fparser set size:745724 disposed:false
1621 silly fetch manifest @babel/helper-compilation-targets@^7.29.7
1622 silly packumentCache full:https://registry.npmjs.org/@babel%2fhelper-compilation-targets cache-miss
1623 http fetch GET 200 https://registry.npmjs.org/gensync 451ms (cache miss)
1624 silly packumentCache full:https://registry.npmjs.org/gensync set size:undefined disposed:false
1625 silly fetch manifest @babel/types@^7.29.8
1626 silly packumentCache full:https://registry.npmjs.org/@babel%2ftypes cache-miss
1627 http fetch GET 200 https://registry.npmjs.org/convert-source-map 460ms (cache miss)
1628 silly packumentCache full:https://registry.npmjs.org/convert-source-map set size:undefined disposed:false
1629 silly fetch manifest hermes-estree@0.25.1
1630 silly packumentCache full:https://registry.npmjs.org/hermes-estree cache-miss
1631 http fetch GET 200 https://registry.npmjs.org/@babel%2fhelper-compilation-targets 674ms (cache miss)
1632 silly packumentCache full:https://registry.npmjs.org/@babel%2fhelper-compilation-targets set size:undefined disposed:false
1633 http fetch GET 200 https://registry.npmjs.org/hermes-estree 382ms (cache miss)
1634 silly packumentCache full:https://registry.npmjs.org/hermes-estree set size:undefined disposed:false
1635 http fetch GET 200 https://registry.npmjs.org/@jridgewell%2fremapping 854ms (cache miss)
1636 silly packumentCache full:https://registry.npmjs.org/@jridgewell%2fremapping set size:undefined disposed:false
1637 http fetch GET 200 https://registry.npmjs.org/@babel%2fhelper-module-transforms 766ms (cache miss)
1638 silly packumentCache full:https://registry.npmjs.org/@babel%2fhelper-module-transforms set size:undefined disposed:false
1639 http fetch GET 200 https://registry.npmjs.org/@babel%2fhelpers 954ms (cache miss)
1640 silly packumentCache full:https://registry.npmjs.org/@babel%2fhelpers set size:undefined disposed:false
1641 http fetch GET 200 https://registry.npmjs.org/@babel%2ftypes 562ms (cache miss)
1642 silly packumentCache full:https://registry.npmjs.org/@babel%2ftypes set size:undefined disposed:false
1643 http fetch GET 200 https://registry.npmjs.org/@babel%2fcode-frame 1064ms (cache miss)
1644 silly packumentCache full:https://registry.npmjs.org/@babel%2fcode-frame set size:undefined disposed:false
1645 http fetch GET 200 https://registry.npmjs.org/@babel%2ftemplate 1109ms (cache miss)
1646 silly packumentCache full:https://registry.npmjs.org/@babel%2ftemplate set size:undefined disposed:false
1647 http fetch GET 200 https://registry.npmjs.org/@babel%2ftypes 1125ms (cache miss)
1648 silly packumentCache full:https://registry.npmjs.org/@babel%2ftypes set size:undefined disposed:false
1649 http fetch GET 200 https://registry.npmjs.org/@babel%2ftraverse 1152ms (cache miss)
1650 silly packumentCache full:https://registry.npmjs.org/@babel%2ftraverse set size:undefined disposed:false
1651 http fetch GET 200 https://registry.npmjs.org/@babel%2fgenerator 1316ms (cache miss)
1652 silly packumentCache full:https://registry.npmjs.org/@babel%2fgenerator set size:undefined disposed:false
1653 silly fetch manifest @babel/core@^7.0.0
1654 silly packumentCache full:https://registry.npmjs.org/@babel%2fcore cache-miss
1655 http cache https://registry.npmjs.org/@babel%2fcore 31ms (cache hit)
1656 silly packumentCache full:https://registry.npmjs.org/@babel%2fcore set size:797193 disposed:false
1657 silly placeDep ROOT @babel/code-frame@7.29.7 OK for: @babel/core@7.29.7 want: ^7.29.7
1658 silly placeDep ROOT @babel/generator@7.29.8 OK for: @babel/core@7.29.7 want: ^7.29.7
1659 silly placeDep ROOT @babel/helper-compilation-targets@7.29.7 OK for: @babel/core@7.29.7 want: ^7.29.7
1660 silly placeDep ROOT @babel/helper-module-transforms@7.29.7 OK for: @babel/core@7.29.7 want: ^7.29.7
1661 silly placeDep ROOT @babel/helpers@7.29.7 OK for: @babel/core@7.29.7 want: ^7.29.7
1662 silly placeDep ROOT @babel/template@7.29.7 OK for: @babel/core@7.29.7 want: ^7.29.7
1663 silly placeDep ROOT @babel/traverse@7.29.8 OK for: @babel/core@7.29.7 want: ^7.29.7
1664 silly placeDep ROOT @babel/types@7.29.8 OK for: @babel/core@7.29.7 want: ^7.29.7
1665 silly placeDep ROOT @jridgewell/remapping@2.3.5 OK for: @babel/core@7.29.7 want: ^2.3.5
1666 silly placeDep ROOT convert-source-map@2.0.0 OK for: @babel/core@7.29.7 want: ^2.0.0
1667 silly placeDep ROOT gensync@1.0.0-beta.2 OK for: @babel/core@7.29.7 want: ^1.0.0-beta.2
1668 silly placeDep ROOT json5@2.2.3 OK for: @babel/core@7.29.7 want: ^2.2.3
1669 silly fetch manifest js-tokens@^4.0.0
1670 silly packumentCache full:https://registry.npmjs.org/js-tokens cache-miss
1671 silly fetch manifest picocolors@^1.1.1
1672 silly packumentCache full:https://registry.npmjs.org/picocolors cache-miss
1673 silly fetch manifest @babel/helper-validator-identifier@^7.29.7
1674 silly packumentCache full:https://registry.npmjs.org/@babel%2fhelper-validator-identifier cache-miss
1675 silly fetch manifest jsesc@^3.0.2
1676 silly packumentCache full:https://registry.npmjs.org/jsesc cache-miss
1677 silly fetch manifest @jridgewell/gen-mapping@^0.3.12
1678 silly packumentCache full:https://registry.npmjs.org/@jridgewell%2fgen-mapping cache-miss
1679 silly fetch manifest @jridgewell/trace-mapping@^0.3.28
1680 silly packumentCache full:https://registry.npmjs.org/@jridgewell%2ftrace-mapping cache-miss
1681 silly fetch manifest lru-cache@^5.1.1
1682 silly packumentCache full:https://registry.npmjs.org/lru-cache cache-miss
1683 silly fetch manifest browserslist@^4.24.0
1684 silly packumentCache full:https://registry.npmjs.org/browserslist cache-miss
1685 silly fetch manifest @babel/compat-data@^7.29.7
1686 silly packumentCache full:https://registry.npmjs.org/@babel%2fcompat-data cache-miss
1687 silly fetch manifest @babel/helper-validator-option@^7.29.7
1688 silly packumentCache full:https://registry.npmjs.org/@babel%2fhelper-validator-option cache-miss
1689 silly fetch manifest @babel/helper-module-imports@^7.29.7
1690 silly packumentCache full:https://registry.npmjs.org/@babel%2fhelper-module-imports cache-miss
1691 http fetch GET 200 https://registry.npmjs.org/picocolors 410ms (cache miss)
1692 silly packumentCache full:https://registry.npmjs.org/picocolors set size:undefined disposed:false
1693 silly fetch manifest @babel/helper-validator-identifier@^7.29.7
1694 silly packumentCache full:https://registry.npmjs.org/@babel%2fhelper-validator-identifier cache-miss
1695 http fetch GET 200 https://registry.npmjs.org/jsesc 414ms (cache miss)
1696 silly packumentCache full:https://registry.npmjs.org/jsesc set size:undefined disposed:false
1697 silly fetch manifest @babel/helper-globals@^7.29.7
1698 silly packumentCache full:https://registry.npmjs.org/@babel%2fhelper-globals cache-miss
1699 http fetch GET 200 https://registry.npmjs.org/@babel%2fcompat-data 654ms (cache miss)
1700 silly packumentCache full:https://registry.npmjs.org/@babel%2fcompat-data set size:undefined disposed:false
1701 silly fetch manifest @babel/helper-string-parser@^7.29.7
1702 silly packumentCache full:https://registry.npmjs.org/@babel%2fhelper-string-parser cache-miss
1703 http fetch GET 200 https://registry.npmjs.org/@babel%2fhelper-validator-identifier 750ms (cache miss)
1704 silly packumentCache full:https://registry.npmjs.org/@babel%2fhelper-validator-identifier set size:undefined disposed:false
1705 silly fetch manifest @jridgewell/gen-mapping@^0.3.5
1706 silly packumentCache full:https://registry.npmjs.org/@jridgewell%2fgen-mapping cache-miss
1707 http fetch GET 200 https://registry.npmjs.org/js-tokens 763ms (cache miss)
1708 silly packumentCache full:https://registry.npmjs.org/js-tokens set size:undefined disposed:false
1709 silly fetch manifest @jridgewell/trace-mapping@^0.3.24
1710 silly packumentCache full:https://registry.npmjs.org/@jridgewell%2ftrace-mapping cache-miss
1711 http fetch GET 200 https://registry.npmjs.org/@babel%2fhelper-validator-option 762ms (cache miss)
1712 silly packumentCache full:https://registry.npmjs.org/@babel%2fhelper-validator-option set size:undefined disposed:false
1713 http fetch GET 200 https://registry.npmjs.org/lru-cache 773ms (cache miss)
1714 silly packumentCache full:https://registry.npmjs.org/lru-cache set size:undefined disposed:false
1715 http fetch GET 200 https://registry.npmjs.org/@babel%2fhelper-validator-identifier 382ms (cache miss)
1716 silly packumentCache full:https://registry.npmjs.org/@babel%2fhelper-validator-identifier set size:undefined disposed:false
1717 http fetch GET 200 https://registry.npmjs.org/@babel%2fhelper-module-imports 791ms (cache miss)
1718 silly packumentCache full:https://registry.npmjs.org/@babel%2fhelper-module-imports set size:undefined disposed:false
1719 http fetch GET 200 https://registry.npmjs.org/@jridgewell%2fgen-mapping 110ms (cache miss)
1720 silly packumentCache full:https://registry.npmjs.org/@jridgewell%2fgen-mapping set size:undefined disposed:false
1721 http fetch GET 200 https://registry.npmjs.org/@jridgewell%2fgen-mapping 870ms (cache miss)
1722 silly packumentCache full:https://registry.npmjs.org/@jridgewell%2fgen-mapping set size:undefined disposed:false
1723 http fetch GET 200 https://registry.npmjs.org/@jridgewell%2ftrace-mapping 136ms (cache miss)
1724 silly packumentCache full:https://registry.npmjs.org/@jridgewell%2ftrace-mapping set size:undefined disposed:false
1725 http fetch GET 200 https://registry.npmjs.org/@jridgewell%2ftrace-mapping 906ms (cache miss)
1726 silly packumentCache full:https://registry.npmjs.org/@jridgewell%2ftrace-mapping set size:undefined disposed:false
1727 http fetch GET 200 https://registry.npmjs.org/browserslist 923ms (cache miss)
1728 silly packumentCache full:https://registry.npmjs.org/browserslist set size:undefined disposed:false
1729 http fetch GET 200 https://registry.npmjs.org/@babel%2fhelper-globals 602ms (cache miss)
1730 silly packumentCache full:https://registry.npmjs.org/@babel%2fhelper-globals set size:undefined disposed:false
1731 http fetch GET 200 https://registry.npmjs.org/@babel%2fhelper-string-parser 642ms (cache miss)
1732 silly packumentCache full:https://registry.npmjs.org/@babel%2fhelper-string-parser set size:undefined disposed:false
1733 silly placeDep ROOT @babel/helper-validator-identifier@7.29.7 OK for: @babel/code-frame@7.29.7 want: ^7.29.7
1734 silly placeDep ROOT js-tokens@4.0.0 OK for: @babel/code-frame@7.29.7 want: ^4.0.0
1735 silly placeDep ROOT picocolors@1.1.1 OK for: @babel/code-frame@7.29.7 want: ^1.1.1
1736 silly placeDep ROOT @jridgewell/gen-mapping@0.3.13 OK for: @babel/generator@7.29.8 want: ^0.3.12
1737 silly placeDep ROOT @jridgewell/trace-mapping@0.3.31 OK for: @babel/generator@7.29.8 want: ^0.3.28
1738 silly placeDep ROOT jsesc@3.1.0 OK for: @babel/generator@7.29.8 want: ^3.0.2
1739 silly fetch manifest @jridgewell/sourcemap-codec@^1.5.0
1740 silly packumentCache full:https://registry.npmjs.org/@jridgewell%2fsourcemap-codec cache-miss
1741 silly fetch manifest @jridgewell/resolve-uri@^3.1.0
1742 silly packumentCache full:https://registry.npmjs.org/@jridgewell%2fresolve-uri cache-miss
1743 silly fetch manifest @jridgewell/sourcemap-codec@^1.4.14
1744 silly packumentCache full:https://registry.npmjs.org/@jridgewell%2fsourcemap-codec cache-miss
1745 http fetch GET 200 https://registry.npmjs.org/@jridgewell%2fresolve-uri 825ms (cache miss)
1746 silly packumentCache full:https://registry.npmjs.org/@jridgewell%2fresolve-uri set size:undefined disposed:false
1747 http fetch GET 200 https://registry.npmjs.org/@jridgewell%2fsourcemap-codec 837ms (cache miss)
1748 silly packumentCache full:https://registry.npmjs.org/@jridgewell%2fsourcemap-codec set size:undefined disposed:false
1749 http fetch GET 200 https://registry.npmjs.org/@jridgewell%2fsourcemap-codec 846ms (cache miss)
1750 silly packumentCache full:https://registry.npmjs.org/@jridgewell%2fsourcemap-codec set size:undefined disposed:false
1751 silly placeDep ROOT @babel/compat-data@7.29.7 OK for: @babel/helper-compilation-targets@7.29.7 want: ^7.29.7
1752 silly placeDep ROOT @babel/helper-validator-option@7.29.7 OK for: @babel/helper-compilation-targets@7.29.7 want: ^7.29.7
1753 silly placeDep ROOT browserslist@4.29.3 OK for: @babel/helper-compilation-targets@7.29.7 want: ^4.24.0
1754 silly placeDep ROOT lru-cache@5.1.1 OK for: @babel/helper-compilation-targets@7.29.7 want: ^5.1.1
1755 silly fetch manifest caniuse-lite@^1.0.30001813
1756 silly packumentCache full:https://registry.npmjs.org/caniuse-lite cache-miss
1757 silly fetch manifest node-releases@^2.0.57
1758 silly packumentCache full:https://registry.npmjs.org/node-releases cache-miss
1759 silly fetch manifest electron-to-chromium@^1.5.439
1760 silly packumentCache full:https://registry.npmjs.org/electron-to-chromium cache-miss
1761 silly fetch manifest update-browserslist-db@^1.3.3
1762 silly packumentCache full:https://registry.npmjs.org/update-browserslist-db cache-miss
1763 silly fetch manifest baseline-browser-mapping@^2.11.26
1764 silly packumentCache full:https://registry.npmjs.org/baseline-browser-mapping cache-miss
1765 silly fetch manifest yallist@^3.0.2
1766 silly packumentCache full:https://registry.npmjs.org/yallist cache-miss
1767 http cache https://registry.npmjs.org/baseline-browser-mapping 38ms (cache hit)
1768 silly packumentCache full:https://registry.npmjs.org/baseline-browser-mapping set size:645799 disposed:false
1769 http cache https://registry.npmjs.org/caniuse-lite 80ms (cache hit)
1770 silly packumentCache full:https://registry.npmjs.org/caniuse-lite set size:2319807 disposed:false
1771 http fetch GET 200 https://registry.npmjs.org/yallist 354ms (cache miss)
1772 silly packumentCache full:https://registry.npmjs.org/yallist set size:undefined disposed:false
1773 http fetch GET 200 https://registry.npmjs.org/update-browserslist-db 365ms (cache miss)
1774 silly packumentCache full:https://registry.npmjs.org/update-browserslist-db set size:undefined disposed:false
1775 http fetch GET 200 https://registry.npmjs.org/node-releases 420ms (cache miss)
1776 silly packumentCache full:https://registry.npmjs.org/node-releases set size:undefined disposed:false
1777 http fetch GET 200 https://registry.npmjs.org/electron-to-chromium 634ms (cache miss)
1778 silly packumentCache full:https://registry.npmjs.org/electron-to-chromium set size:undefined disposed:false
1779 silly placeDep ROOT @babel/helper-module-imports@7.29.7 OK for: @babel/helper-module-transforms@7.29.7 want: ^7.29.7
1780 silly placeDep ROOT @babel/helper-globals@7.29.7 OK for: @babel/traverse@7.29.8 want: ^7.29.7
1781 silly placeDep ROOT @babel/helper-string-parser@7.29.7 OK for: @babel/types@7.29.8 want: ^7.29.7
1782 silly placeDep ROOT @jridgewell/sourcemap-codec@1.6.0 OK for: @jridgewell/gen-mapping@0.3.13 want: ^1.5.0
1783 silly placeDep ROOT @jridgewell/resolve-uri@3.1.2 OK for: @jridgewell/trace-mapping@0.3.31 want: ^3.1.0
1784 silly fetch manifest browserslist@>= 4.21.0
1785 silly packumentCache full:https://registry.npmjs.org/browserslist cache-miss
1786 http cache https://registry.npmjs.org/browserslist 53ms (cache hit)
1787 silly packumentCache full:https://registry.npmjs.org/browserslist set size:530436 disposed:false
1788 silly placeDep ROOT baseline-browser-mapping@2.11.26 OK for: browserslist@4.29.3 want: ^2.11.26
1789 silly placeDep ROOT caniuse-lite@1.0.30001814 OK for: browserslist@4.29.3 want: ^1.0.30001813
1790 silly placeDep ROOT electron-to-chromium@1.5.443 OK for: browserslist@4.29.3 want: ^1.5.439
1791 silly placeDep ROOT node-releases@2.0.57 OK for: browserslist@4.29.3 want: ^2.0.57
1792 silly placeDep ROOT update-browserslist-db@1.3.3 OK for: browserslist@4.29.3 want: ^1.3.3
1793 silly fetch manifest escalade@^3.2.0
1794 silly packumentCache full:https://registry.npmjs.org/escalade cache-miss
1795 http fetch GET 200 https://registry.npmjs.org/escalade 328ms (cache miss)
1796 silly packumentCache full:https://registry.npmjs.org/escalade set size:undefined disposed:false
1797 silly placeDep ROOT esrecurse@4.3.0 OK for: eslint-scope@8.4.0 want: ^4.3.0
1798 silly placeDep ROOT acorn@8.18.0 OK for: espree@10.4.0 want: ^8.15.0
1799 silly placeDep ROOT acorn-jsx@5.3.2 OK for: espree@10.4.0 want: ^5.3.2
1800 silly placeDep ROOT @nodelib/fs.stat@2.0.5 OK for: fast-glob@3.3.1 want: ^2.0.2
1801 silly placeDep ROOT @nodelib/fs.walk@1.2.8 OK for: fast-glob@3.3.1 want: ^1.2.3
1802 silly placeDep node_modules/fast-glob glob-parent@5.1.2 OK for: fast-glob@3.3.1 want: ^5.1.2
1803 silly placeDep ROOT merge2@1.4.1 OK for: fast-glob@3.3.1 want: ^1.3.0
1804 silly placeDep ROOT micromatch@4.0.8 OK for: fast-glob@3.3.1 want: ^4.0.4
1805 silly fetch manifest fastq@^1.6.0
1806 silly packumentCache full:https://registry.npmjs.org/fastq cache-miss
1807 silly fetch manifest @nodelib/fs.scandir@2.1.5
1808 silly packumentCache full:https://registry.npmjs.org/@nodelib%2ffs.scandir cache-miss
1809 silly fetch manifest braces@^3.0.3
1810 silly packumentCache full:https://registry.npmjs.org/braces cache-miss
1811 silly fetch manifest picomatch@^2.3.1
1812 silly packumentCache full:https://registry.npmjs.org/picomatch cache-miss
1813 http cache https://registry.npmjs.org/picomatch 30ms (cache hit)
1814 silly packumentCache full:https://registry.npmjs.org/picomatch set size:134451 disposed:false
1815 http fetch GET 200 https://registry.npmjs.org/fastq 419ms (cache miss)
1816 silly packumentCache full:https://registry.npmjs.org/fastq set size:undefined disposed:false
1817 http fetch GET 200 https://registry.npmjs.org/braces 422ms (cache miss)
1818 silly packumentCache full:https://registry.npmjs.org/braces set size:undefined disposed:false
1819 http fetch GET 200 https://registry.npmjs.org/@nodelib%2ffs.scandir 782ms (cache miss)
1820 silly packumentCache full:https://registry.npmjs.org/@nodelib%2ffs.scandir set size:undefined disposed:false
1821 silly placeDep ROOT @nodelib/fs.scandir@2.1.5 OK for: @nodelib/fs.walk@1.2.8 want: 2.1.5
1822 silly placeDep ROOT fastq@1.20.3 OK for: @nodelib/fs.walk@1.2.8 want: ^1.6.0
1823 silly fetch manifest run-parallel@^1.1.9
1824 silly packumentCache full:https://registry.npmjs.org/run-parallel cache-miss
1825 silly fetch manifest reusify@^1.0.4
1826 silly packumentCache full:https://registry.npmjs.org/reusify cache-miss
1827 http fetch GET 200 https://registry.npmjs.org/run-parallel 313ms (cache miss)
1828 silly packumentCache full:https://registry.npmjs.org/run-parallel set size:undefined disposed:false
1829 http fetch GET 200 https://registry.npmjs.org/reusify 327ms (cache miss)
1830 silly packumentCache full:https://registry.npmjs.org/reusify set size:undefined disposed:false
1831 silly placeDep ROOT run-parallel@1.2.0 OK for: @nodelib/fs.scandir@2.1.5 want: ^1.1.9
1832 silly fetch manifest queue-microtask@^1.2.2
1833 silly packumentCache full:https://registry.npmjs.org/queue-microtask cache-miss
1834 http fetch GET 200 https://registry.npmjs.org/queue-microtask 316ms (cache miss)
1835 silly packumentCache full:https://registry.npmjs.org/queue-microtask set size:undefined disposed:false
1836 silly placeDep ROOT reusify@1.1.0 OK for: fastq@1.20.3 want: ^1.0.4
1837 silly placeDep ROOT flat-cache@4.0.1 OK for: file-entry-cache@8.0.0 want: ^4.0.0
1838 silly fetch manifest keyv@^4.5.4
1839 silly packumentCache full:https://registry.npmjs.org/keyv cache-miss
1840 silly fetch manifest flatted@^3.2.9
1841 silly packumentCache full:https://registry.npmjs.org/flatted cache-miss
1842 http fetch GET 200 https://registry.npmjs.org/keyv 315ms (cache miss)
1843 silly packumentCache full:https://registry.npmjs.org/keyv set size:undefined disposed:false
1844 http fetch GET 200 https://registry.npmjs.org/flatted 344ms (cache miss)
1845 silly packumentCache full:https://registry.npmjs.org/flatted set size:undefined disposed:false
1846 silly placeDep ROOT locate-path@6.0.0 OK for: find-up@5.0.0 want: ^6.0.0
1847 silly placeDep ROOT path-exists@4.0.0 OK for: find-up@5.0.0 want: ^4.0.0
1848 silly fetch manifest p-locate@^5.0.0
1849 silly packumentCache full:https://registry.npmjs.org/p-locate cache-miss
1850 http fetch GET 200 https://registry.npmjs.org/p-locate 334ms (cache miss)
1851 silly packumentCache full:https://registry.npmjs.org/p-locate set size:undefined disposed:false
1852 silly placeDep ROOT flatted@3.4.4 OK for: flat-cache@4.0.1 want: ^3.2.9
1853 silly placeDep ROOT keyv@4.5.4 OK for: flat-cache@4.0.1 want: ^4.5.4
1854 silly fetch manifest json-buffer@3.0.1
1855 silly packumentCache full:https://registry.npmjs.org/json-buffer cache-miss
1856 http fetch GET 200 https://registry.npmjs.org/json-buffer 328ms (cache miss)
1857 silly packumentCache full:https://registry.npmjs.org/json-buffer set size:undefined disposed:false
1858 silly placeDep ROOT functions-have-names@1.2.3 OK for: function.prototype.name@1.2.0 want: ^1.2.3
1859 silly placeDep ROOT is-document.all@1.0.0 OK for: function.prototype.name@1.2.0 want: ^1.0.0
1860 silly placeDep ROOT dunder-proto@1.0.1 OK for: get-proto@1.0.1 want: ^1.0.1
1861 silly placeDep ROOT resolve-pkg-maps@1.0.0 OK for: get-tsconfig@4.14.3 want: ^1.0.0
1862 silly placeDep ROOT hermes-estree@0.25.1 OK for: hermes-parser@0.25.1 want: 0.25.1
1863 silly placeDep ROOT parent-module@1.0.1 OK for: import-fresh@3.3.1 want: ^1.0.0
1864 silly placeDep ROOT resolve-from@4.0.0 OK for: import-fresh@3.3.1 want: ^4.0.0
1865 silly fetch manifest callsites@^3.0.0
1866 silly packumentCache full:https://registry.npmjs.org/callsites cache-miss
1867 http fetch GET 200 https://registry.npmjs.org/callsites 312ms (cache miss)
1868 silly packumentCache full:https://registry.npmjs.org/callsites set size:undefined disposed:false
1869 silly placeDep ROOT side-channel@1.1.1 OK for: internal-slot@1.1.0 want: ^1.1.0
1870 silly fetch manifest side-channel-list@^1.0.1
1871 silly packumentCache full:https://registry.npmjs.org/side-channel-list cache-miss
1872 silly fetch manifest side-channel-map@^1.0.1
1873 silly packumentCache full:https://registry.npmjs.org/side-channel-map cache-miss
1874 silly fetch manifest side-channel-weakmap@^1.0.2
1875 silly packumentCache full:https://registry.npmjs.org/side-channel-weakmap cache-miss
1876 http fetch GET 200 https://registry.npmjs.org/side-channel-list 298ms (cache miss)
1877 silly packumentCache full:https://registry.npmjs.org/side-channel-list set size:undefined disposed:false
1878 http fetch GET 200 https://registry.npmjs.org/side-channel-weakmap 335ms (cache miss)
1879 silly packumentCache full:https://registry.npmjs.org/side-channel-weakmap set size:undefined disposed:false
1880 http fetch GET 200 https://registry.npmjs.org/side-channel-map 361ms (cache miss)
1881 silly packumentCache full:https://registry.npmjs.org/side-channel-map set size:undefined disposed:false
1882 silly placeDep node_modules/is-bun-module semver@7.8.5 OK for: is-bun-module@2.0.0 want: ^7.7.1
1883 silly placeDep ROOT is-extglob@2.1.1 OK for: is-glob@4.0.3 want: ^2.1.1
1884 silly placeDep ROOT set-function-name@2.0.2 OK for: iterator.prototype@1.1.5 want: ^2.0.2
1885 silly placeDep ROOT argparse@2.0.1 OK for: js-yaml@4.3.2 want: ^2.0.1
1886 silly placeDep ROOT json-buffer@3.0.1 OK for: keyv@4.5.4 want: 3.0.1
1887 silly placeDep ROOT language-subtag-registry@0.3.23 OK for: language-tags@1.0.9 want: ^0.3.20
1888 silly placeDep ROOT prelude-ls@1.2.1 OK for: levn@0.4.1 want: ^1.2.1
1889 silly placeDep ROOT type-check@0.4.0 OK for: levn@0.4.1 want: ~0.4.0
1890 silly placeDep ROOT p-locate@5.0.0 OK for: locate-path@6.0.0 want: ^5.0.0
1891 silly fetch manifest p-limit@^3.0.2
1892 silly packumentCache full:https://registry.npmjs.org/p-limit cache-miss
1893 http fetch GET 200 https://registry.npmjs.org/p-limit 306ms (cache miss)
1894 silly packumentCache full:https://registry.npmjs.org/p-limit set size:undefined disposed:false
1895 silly placeDep ROOT yallist@3.1.1 OK for: lru-cache@5.1.1 want: ^3.0.2
1896 silly placeDep ROOT braces@3.0.3 OK for: micromatch@4.0.8 want: ^3.0.3
1897 silly placeDep ROOT picomatch@2.3.2 OK for: micromatch@4.0.8 want: ^2.3.1
1898 silly fetch manifest fill-range@^7.1.1
1899 silly packumentCache full:https://registry.npmjs.org/fill-range cache-miss
1900 http fetch GET 200 https://registry.npmjs.org/fill-range 343ms (cache miss)
1901 silly packumentCache full:https://registry.npmjs.org/fill-range set size:undefined disposed:false
1902 silly placeDep ROOT fill-range@7.1.1 OK for: braces@3.0.3 want: ^7.1.1
1903 silly fetch manifest to-regex-range@^5.0.1
1904 silly packumentCache full:https://registry.npmjs.org/to-regex-range cache-miss
1905 http fetch GET 200 https://registry.npmjs.org/to-regex-range 348ms (cache miss)
1906 silly packumentCache full:https://registry.npmjs.org/to-regex-range set size:undefined disposed:false
1907 silly placeDep ROOT to-regex-range@5.0.1 OK for: fill-range@7.1.1 want: ^5.0.1
1908 silly fetch manifest is-number@^7.0.0
1909 silly packumentCache full:https://registry.npmjs.org/is-number cache-miss
1910 http fetch GET 200 https://registry.npmjs.org/is-number 325ms (cache miss)
1911 silly packumentCache full:https://registry.npmjs.org/is-number set size:undefined disposed:false
1912 silly placeDep ROOT brace-expansion@1.1.21 OK for: minimatch@3.1.5 want: ^1.1.7
1913 silly fetch manifest concat-map@0.0.1
1914 silly packumentCache full:https://registry.npmjs.org/concat-map cache-miss
1915 silly fetch manifest balanced-match@^1.0.0
1916 silly packumentCache full:https://registry.npmjs.org/balanced-match cache-miss
1917 http fetch GET 200 https://registry.npmjs.org/concat-map 44ms (cache miss)
1918 silly packumentCache full:https://registry.npmjs.org/concat-map set size:undefined disposed:false
1919 http fetch GET 200 https://registry.npmjs.org/balanced-match 320ms (cache miss)
1920 silly packumentCache full:https://registry.npmjs.org/balanced-match set size:undefined disposed:false
1921 silly placeDep ROOT balanced-match@1.0.2 OK for: brace-expansion@1.1.21 want: ^1.0.0
1922 silly placeDep ROOT concat-map@0.0.1 OK for: brace-expansion@1.1.21 want: 0.0.1
1923 silly fetch manifest react@^18.2.0 || 19.0.0-rc-de68d2f4-20241204 || ^19.0.0
1924 silly packumentCache full:https://registry.npmjs.org/react cache-miss
1925 http cache https://registry.npmjs.org/react 76ms (cache hit)
1926 silly packumentCache full:https://registry.npmjs.org/react set size:7011585 disposed:false
1927 silly placeDep ROOT @next/env@16.3.8 OK for: next@16.3.8 want: 16.3.8
1928 silly placeDep ROOT @next/swc-darwin-arm64@16.3.8 OK for: next@16.3.8 want: 16.3.8
1929 silly placeDep ROOT @next/swc-darwin-x64@16.3.8 OK for: next@16.3.8 want: 16.3.8
1930 silly placeDep ROOT @next/swc-linux-arm64-gnu@16.3.8 OK for: next@16.3.8 want: 16.3.8
1931 silly placeDep ROOT @next/swc-linux-arm64-musl@16.3.8 OK for: next@16.3.8 want: 16.3.8
1932 silly placeDep ROOT @next/swc-linux-x64-gnu@16.3.8 OK for: next@16.3.8 want: 16.3.8
1933 silly placeDep ROOT @next/swc-linux-x64-musl@16.3.8 OK for: next@16.3.8 want: 16.3.8
1934 silly placeDep ROOT @next/swc-win32-arm64-msvc@16.3.8 OK for: next@16.3.8 want: 16.3.8
1935 silly placeDep ROOT @next/swc-win32-x64-msvc@16.3.8 OK for: next@16.3.8 want: 16.3.8
1936 silly placeDep ROOT @swc/helpers@0.5.23 OK for: next@16.3.8 want: 0.5.23
1937 silly placeDep ROOT postcss@8.5.23 OK for: next@16.3.8 want: 8.5.23
1938 silly placeDep ROOT sharp@0.35.5 OK for: next@16.3.8 want: ^0.35.4
1939 silly placeDep ROOT styled-jsx@5.1.6 OK for: next@16.3.8 want: 5.1.6
1940 silly fetch manifest tslib@^2.8.0
1941 silly packumentCache full:https://registry.npmjs.org/tslib cache-miss
1942 silly fetch manifest nanoid@^3.3.16
1943 silly packumentCache full:https://registry.npmjs.org/nanoid cache-miss
1944 silly fetch manifest source-map-js@^1.2.1
1945 silly packumentCache full:https://registry.npmjs.org/source-map-js cache-miss
1946 silly fetch manifest semver@^7.8.5
1947 silly packumentCache full:https://registry.npmjs.org/semver cache-hit
1948 silly fetch manifest @img/colour@^1.1.0
1949 silly packumentCache full:https://registry.npmjs.org/@img%2fcolour cache-miss
1950 silly fetch manifest detect-libc@^2.1.2
1951 silly packumentCache full:https://registry.npmjs.org/detect-libc cache-miss
1952 silly fetch manifest @img/sharp-linux-arm@0.35.5
1953 silly packumentCache full:https://registry.npmjs.org/@img%2fsharp-linux-arm cache-miss
1954 silly fetch manifest @img/sharp-linux-x64@0.35.5
1955 silly packumentCache full:https://registry.npmjs.org/@img%2fsharp-linux-x64 cache-miss
1956 silly fetch manifest @img/sharp-win32-x64@0.35.5
1957 silly packumentCache full:https://registry.npmjs.org/@img%2fsharp-win32-x64 cache-miss
1958 silly fetch manifest @img/sharp-darwin-x64@0.35.5
1959 silly packumentCache full:https://registry.npmjs.org/@img%2fsharp-darwin-x64 cache-miss
1960 silly fetch manifest @img/sharp-win32-ia32@0.35.5
1961 silly packumentCache full:https://registry.npmjs.org/@img%2fsharp-win32-ia32 cache-miss
1962 silly fetch manifest @img/sharp-linux-arm64@0.35.5
1963 silly packumentCache full:https://registry.npmjs.org/@img%2fsharp-linux-arm64 cache-miss
1964 http fetch GET 200 https://registry.npmjs.org/detect-libc 111ms (cache miss)
1965 silly packumentCache full:https://registry.npmjs.org/detect-libc set size:undefined disposed:false
1966 silly fetch manifest @img/sharp-linux-ppc64@0.35.5
1967 silly packumentCache full:https://registry.npmjs.org/@img%2fsharp-linux-ppc64 cache-miss
1968 http fetch GET 200 https://registry.npmjs.org/source-map-js 126ms (cache miss)
1969 silly packumentCache full:https://registry.npmjs.org/source-map-js set size:undefined disposed:false
1970 silly fetch manifest @img/sharp-linux-s390x@0.35.5
1971 silly packumentCache full:https://registry.npmjs.org/@img%2fsharp-linux-s390x cache-miss
1972 http fetch GET 200 https://registry.npmjs.org/nanoid 147ms (cache miss)
1973 silly packumentCache full:https://registry.npmjs.org/nanoid set size:undefined disposed:false
1974 silly fetch manifest @img/sharp-win32-arm64@0.35.5
1975 silly packumentCache full:https://registry.npmjs.org/@img%2fsharp-win32-arm64 cache-miss
1976 http fetch GET 200 https://registry.npmjs.org/tslib 388ms (cache miss)
1977 silly packumentCache full:https://registry.npmjs.org/tslib set size:undefined disposed:false
1978 silly fetch manifest @img/sharp-darwin-arm64@0.35.5
1979 silly packumentCache full:https://registry.npmjs.org/@img%2fsharp-darwin-arm64 cache-miss
1980 http fetch GET 200 https://registry.npmjs.org/@img%2fcolour 806ms (cache miss)
1981 silly packumentCache full:https://registry.npmjs.org/@img%2fcolour set size:undefined disposed:false
1982 silly fetch manifest @img/sharp-linux-riscv64@0.35.5
1983 silly packumentCache full:https://registry.npmjs.org/@img%2fsharp-linux-riscv64 cache-miss
1984 http fetch GET 200 https://registry.npmjs.org/@img%2fsharp-win32-ia32 812ms (cache miss)
1985 silly packumentCache full:https://registry.npmjs.org/@img%2fsharp-win32-ia32 set size:undefined disposed:false
1986 silly fetch manifest @img/sharp-linuxmusl-x64@0.35.5
1987 silly packumentCache full:https://registry.npmjs.org/@img%2fsharp-linuxmusl-x64 cache-miss
1988 http fetch GET 200 https://registry.npmjs.org/@img%2fsharp-darwin-x64 866ms (cache miss)
1989 silly packumentCache full:https://registry.npmjs.org/@img%2fsharp-darwin-x64 set size:undefined disposed:false
1990 silly fetch manifest @img/sharp-freebsd-wasm32@0.35.5
1991 silly packumentCache full:https://registry.npmjs.org/@img%2fsharp-freebsd-wasm32 cache-miss
1992 http fetch GET 200 https://registry.npmjs.org/@img%2fsharp-linux-arm 876ms (cache miss)
1993 silly packumentCache full:https://registry.npmjs.org/@img%2fsharp-linux-arm set size:undefined disposed:false
1994 silly fetch manifest @img/sharp-linuxmusl-arm64@0.35.5
1995 silly packumentCache full:https://registry.npmjs.org/@img%2fsharp-linuxmusl-arm64 cache-miss
1996 http fetch GET 200 https://registry.npmjs.org/@img%2fsharp-linux-arm64 877ms (cache miss)
1997 silly packumentCache full:https://registry.npmjs.org/@img%2fsharp-linux-arm64 set size:undefined disposed:false
1998 silly fetch manifest @img/sharp-libvips-linux-arm@1.3.4
1999 silly packumentCache full:https://registry.npmjs.org/@img%2fsharp-libvips-linux-arm cache-miss
2000 http fetch GET 200 https://registry.npmjs.org/@img%2fsharp-linux-x64 900ms (cache miss)
2001 silly packumentCache full:https://registry.npmjs.org/@img%2fsharp-linux-x64 set size:undefined disposed:false
2002 silly fetch manifest @img/sharp-libvips-linux-x64@1.3.4
2003 silly packumentCache full:https://registry.npmjs.org/@img%2fsharp-libvips-linux-x64 cache-miss
2004 http fetch GET 200 https://registry.npmjs.org/@img%2fsharp-win32-x64 909ms (cache miss)
2005 silly packumentCache full:https://registry.npmjs.org/@img%2fsharp-win32-x64 set size:undefined disposed:false
2006 silly fetch manifest @img/sharp-libvips-darwin-x64@1.3.4
2007 silly packumentCache full:https://registry.npmjs.org/@img%2fsharp-libvips-darwin-x64 cache-miss
2008 http fetch GET 200 https://registry.npmjs.org/@img%2fsharp-linux-ppc64 829ms (cache miss)
2009 silly packumentCache full:https://registry.npmjs.org/@img%2fsharp-linux-ppc64 set size:undefined disposed:false
2010 silly fetch manifest @img/sharp-libvips-linux-arm64@1.3.4
2011 silly packumentCache full:https://registry.npmjs.org/@img%2fsharp-libvips-linux-arm64 cache-miss
2012 http fetch GET 200 https://registry.npmjs.org/@img%2fsharp-win32-arm64 832ms (cache miss)
2013 silly packumentCache full:https://registry.npmjs.org/@img%2fsharp-win32-arm64 set size:undefined disposed:false
2014 silly fetch manifest @img/sharp-libvips-linux-ppc64@1.3.4
2015 silly packumentCache full:https://registry.npmjs.org/@img%2fsharp-libvips-linux-ppc64 cache-miss
2016 http fetch GET 200 https://registry.npmjs.org/@img%2fsharp-linux-s390x 882ms (cache miss)
2017 silly packumentCache full:https://registry.npmjs.org/@img%2fsharp-linux-s390x set size:undefined disposed:false
2018 silly fetch manifest @img/sharp-libvips-linux-s390x@1.3.4
2019 silly packumentCache full:https://registry.npmjs.org/@img%2fsharp-libvips-linux-s390x cache-miss
2020 http fetch GET 200 https://registry.npmjs.org/@img%2fsharp-darwin-arm64 925ms (cache miss)
2021 silly packumentCache full:https://registry.npmjs.org/@img%2fsharp-darwin-arm64 set size:undefined disposed:false
2022 silly fetch manifest @img/sharp-libvips-darwin-arm64@1.3.4
2023 silly packumentCache full:https://registry.npmjs.org/@img%2fsharp-libvips-darwin-arm64 cache-miss
2024 http fetch GET 200 https://registry.npmjs.org/@img%2fsharp-linuxmusl-x64 788ms (cache miss)
2025 silly packumentCache full:https://registry.npmjs.org/@img%2fsharp-linuxmusl-x64 set size:undefined disposed:false
2026 silly fetch manifest @img/sharp-webcontainers-wasm32@0.35.5
2027 silly packumentCache full:https://registry.npmjs.org/@img%2fsharp-webcontainers-wasm32 cache-miss
2028 http fetch GET 200 https://registry.npmjs.org/@img%2fsharp-linux-riscv64 824ms (cache miss)
2029 silly packumentCache full:https://registry.npmjs.org/@img%2fsharp-linux-riscv64 set size:undefined disposed:false
2030 silly fetch manifest @img/sharp-libvips-linux-riscv64@1.3.4
2031 silly packumentCache full:https://registry.npmjs.org/@img%2fsharp-libvips-linux-riscv64 cache-miss
2032 http fetch GET 200 https://registry.npmjs.org/@img%2fsharp-linuxmusl-arm64 809ms (cache miss)
2033 silly packumentCache full:https://registry.npmjs.org/@img%2fsharp-linuxmusl-arm64 set size:undefined disposed:false
2034 silly fetch manifest @img/sharp-libvips-linuxmusl-x64@1.3.4
2035 silly packumentCache full:https://registry.npmjs.org/@img%2fsharp-libvips-linuxmusl-x64 cache-miss
2036 http fetch GET 200 https://registry.npmjs.org/@img%2fsharp-freebsd-wasm32 839ms (cache miss)
2037 silly packumentCache full:https://registry.npmjs.org/@img%2fsharp-freebsd-wasm32 set size:undefined disposed:false
2038 silly fetch manifest @img/sharp-libvips-linuxmusl-arm64@1.3.4
2039 silly packumentCache full:https://registry.npmjs.org/@img%2fsharp-libvips-linuxmusl-arm64 cache-miss
2040 http fetch GET 200 https://registry.npmjs.org/@img%2fsharp-libvips-linux-x64 821ms (cache miss)
2041 silly packumentCache full:https://registry.npmjs.org/@img%2fsharp-libvips-linux-x64 set size:undefined disposed:false
2042 silly fetch manifest client-only@0.0.1
2043 silly packumentCache full:https://registry.npmjs.org/client-only cache-miss
2044 http fetch GET 200 https://registry.npmjs.org/@img%2fsharp-libvips-darwin-x64 843ms (cache miss)
2045 silly packumentCache full:https://registry.npmjs.org/@img%2fsharp-libvips-darwin-x64 set size:undefined disposed:false
2046 http fetch GET 200 https://registry.npmjs.org/@img%2fsharp-libvips-linux-arm64 817ms (cache miss)
2047 silly packumentCache full:https://registry.npmjs.org/@img%2fsharp-libvips-linux-arm64 set size:undefined disposed:false
2048 http fetch GET 200 https://registry.npmjs.org/@img%2fsharp-libvips-linux-arm 875ms (cache miss)
2049 silly packumentCache full:https://registry.npmjs.org/@img%2fsharp-libvips-linux-arm set size:undefined disposed:false
2050 http fetch GET 200 https://registry.npmjs.org/@img%2fsharp-libvips-linux-ppc64 814ms (cache miss)
2051 silly packumentCache full:https://registry.npmjs.org/@img%2fsharp-libvips-linux-ppc64 set size:undefined disposed:false
2052 http fetch GET 200 https://registry.npmjs.org/@img%2fsharp-libvips-linux-s390x 798ms (cache miss)
2053 silly packumentCache full:https://registry.npmjs.org/@img%2fsharp-libvips-linux-s390x set size:undefined disposed:false
2054 http fetch GET 200 https://registry.npmjs.org/@img%2fsharp-libvips-darwin-arm64 822ms (cache miss)
2055 silly packumentCache full:https://registry.npmjs.org/@img%2fsharp-libvips-darwin-arm64 set size:undefined disposed:false
2056 http fetch GET 200 https://registry.npmjs.org/client-only 409ms (cache miss)
2057 silly packumentCache full:https://registry.npmjs.org/client-only set size:undefined disposed:false
2058 http fetch GET 200 https://registry.npmjs.org/@img%2fsharp-webcontainers-wasm32 824ms (cache miss)
2059 silly packumentCache full:https://registry.npmjs.org/@img%2fsharp-webcontainers-wasm32 set size:undefined disposed:false
2060 http fetch GET 200 https://registry.npmjs.org/@img%2fsharp-libvips-linuxmusl-x64 849ms (cache miss)
2061 silly packumentCache full:https://registry.npmjs.org/@img%2fsharp-libvips-linuxmusl-x64 set size:undefined disposed:false
2062 http fetch GET 200 https://registry.npmjs.org/@img%2fsharp-libvips-linux-riscv64 943ms (cache miss)
2063 silly packumentCache full:https://registry.npmjs.org/@img%2fsharp-libvips-linux-riscv64 set size:undefined disposed:false
2064 http fetch GET 200 https://registry.npmjs.org/@img%2fsharp-libvips-linuxmusl-arm64 875ms (cache miss)
2065 silly packumentCache full:https://registry.npmjs.org/@img%2fsharp-libvips-linuxmusl-arm64 set size:undefined disposed:false
2066 silly placeDep ROOT tslib@2.8.1 OK for: @swc/helpers@0.5.23 want: ^2.8.0
2067 silly placeDep ROOT deep-is@0.1.4 OK for: optionator@0.9.4 want: ^0.1.3
2068 silly placeDep ROOT fast-levenshtein@2.0.6 OK for: optionator@0.9.4 want: ^2.0.6
2069 silly placeDep ROOT word-wrap@1.2.5 OK for: optionator@0.9.4 want: ^1.2.5
2070 silly placeDep ROOT p-limit@3.1.0 OK for: p-locate@5.0.0 want: ^3.0.2
2071 silly fetch manifest yocto-queue@^0.1.0
2072 silly packumentCache full:https://registry.npmjs.org/yocto-queue cache-miss
2073 http fetch GET 200 https://registry.npmjs.org/yocto-queue 323ms (cache miss)
2074 silly packumentCache full:https://registry.npmjs.org/yocto-queue set size:undefined disposed:false
2075 silly placeDep ROOT yocto-queue@0.1.0 OK for: p-limit@3.1.0 want: ^0.1.0
2076 silly placeDep ROOT callsites@3.1.0 OK for: parent-module@1.0.1 want: ^3.0.0
2077 silly placeDep ROOT nanoid@3.3.19 OK for: postcss@8.5.23 want: ^3.3.16
2078 silly placeDep ROOT source-map-js@1.2.2 OK for: postcss@8.5.23 want: ^1.2.1
2079 silly placeDep ROOT loose-envify@1.4.0 OK for: prop-types@15.8.1 want: ^1.4.0
2080 silly placeDep ROOT object-assign@4.1.1 OK for: prop-types@15.8.1 want: ^4.1.1
2081 silly placeDep ROOT react-is@16.13.1 OK for: prop-types@15.8.1 want: ^16.13.1
2082 silly placeDep ROOT scheduler@0.28.0 OK for: react-dom@19.3.0 want: ^0.28.0
2083 silly placeDep ROOT node-exports-info@1.6.2 OK for: resolve@2.0.0-next.7 want: ^1.6.0
2084 silly placeDep ROOT path-parse@1.0.7 OK for: resolve@2.0.0-next.7 want: ^1.0.7
2085 silly placeDep ROOT supports-preserve-symlinks-flag@1.0.0 OK for: resolve@2.0.0-next.7 want: ^1.0.0
2086 silly placeDep ROOT queue-microtask@1.2.3 OK for: run-parallel@1.2.0 want: ^1.2.2
2087 silly placeDep ROOT isarray@2.0.5 OK for: safe-array-concat@1.1.4 want: ^2.0.5
2088 silly placeDep ROOT @img/colour@1.1.0 OK for: sharp@0.35.5 want: ^1.1.0
2089 silly placeDep ROOT @img/sharp-darwin-arm64@0.35.5 OK for: sharp@0.35.5 want: 0.35.5
2090 silly placeDep ROOT @img/sharp-darwin-x64@0.35.5 OK for: sharp@0.35.5 want: 0.35.5
2091 silly placeDep ROOT @img/sharp-freebsd-wasm32@0.35.5 OK for: sharp@0.35.5 want: 0.35.5
2092 silly placeDep ROOT @img/sharp-libvips-darwin-arm64@1.3.4 OK for: sharp@0.35.5 want: 1.3.4
2093 silly placeDep ROOT @img/sharp-libvips-darwin-x64@1.3.4 OK for: sharp@0.35.5 want: 1.3.4
2094 silly placeDep ROOT @img/sharp-libvips-linux-arm@1.3.4 OK for: sharp@0.35.5 want: 1.3.4
2095 silly placeDep ROOT @img/sharp-libvips-linux-arm64@1.3.4 OK for: sharp@0.35.5 want: 1.3.4
2096 silly placeDep ROOT @img/sharp-libvips-linux-ppc64@1.3.4 OK for: sharp@0.35.5 want: 1.3.4
2097 silly placeDep ROOT @img/sharp-libvips-linux-riscv64@1.3.4 OK for: sharp@0.35.5 want: 1.3.4
2098 silly placeDep ROOT @img/sharp-libvips-linux-s390x@1.3.4 OK for: sharp@0.35.5 want: 1.3.4
2099 silly placeDep ROOT @img/sharp-libvips-linux-x64@1.3.4 OK for: sharp@0.35.5 want: 1.3.4
2100 silly placeDep ROOT @img/sharp-libvips-linuxmusl-arm64@1.3.4 OK for: sharp@0.35.5 want: 1.3.4
2101 silly placeDep ROOT @img/sharp-libvips-linuxmusl-x64@1.3.4 OK for: sharp@0.35.5 want: 1.3.4
2102 silly placeDep ROOT @img/sharp-linux-arm@0.35.5 OK for: sharp@0.35.5 want: 0.35.5
2103 silly placeDep ROOT @img/sharp-linux-arm64@0.35.5 OK for: sharp@0.35.5 want: 0.35.5
2104 silly placeDep ROOT @img/sharp-linux-ppc64@0.35.5 OK for: sharp@0.35.5 want: 0.35.5
2105 silly placeDep ROOT @img/sharp-linux-riscv64@0.35.5 OK for: sharp@0.35.5 want: 0.35.5
2106 silly placeDep ROOT @img/sharp-linux-s390x@0.35.5 OK for: sharp@0.35.5 want: 0.35.5
2107 silly placeDep ROOT @img/sharp-linux-x64@0.35.5 OK for: sharp@0.35.5 want: 0.35.5
2108 silly placeDep ROOT @img/sharp-linuxmusl-arm64@0.35.5 OK for: sharp@0.35.5 want: 0.35.5
2109 silly placeDep ROOT @img/sharp-linuxmusl-x64@0.35.5 OK for: sharp@0.35.5 want: 0.35.5
2110 silly placeDep ROOT @img/sharp-webcontainers-wasm32@0.35.5 OK for: sharp@0.35.5 want: 0.35.5
2111 silly placeDep ROOT @img/sharp-win32-arm64@0.35.5 OK for: sharp@0.35.5 want: 0.35.5
2112 silly placeDep ROOT @img/sharp-win32-ia32@0.35.5 OK for: sharp@0.35.5 want: 0.35.5
2113 silly placeDep ROOT @img/sharp-win32-x64@0.35.5 OK for: sharp@0.35.5 want: 0.35.5
2114 silly placeDep ROOT detect-libc@2.1.2 OK for: sharp@0.35.5 want: ^2.1.2
2115 silly placeDep node_modules/sharp semver@7.8.5 OK for: sharp@0.35.5 want: ^7.8.5
2116 silly fetch manifest @img/sharp-wasm32@0.35.5
2117 silly packumentCache full:https://registry.npmjs.org/@img%2fsharp-wasm32 cache-miss
2118 silly fetch manifest @img/sharp-wasm32@0.35.5
2119 silly packumentCache full:https://registry.npmjs.org/@img%2fsharp-wasm32 cache-miss
2120 http fetch GET 200 https://registry.npmjs.org/@img%2fsharp-wasm32 833ms (cache miss)
2121 silly packumentCache full:https://registry.npmjs.org/@img%2fsharp-wasm32 set size:undefined disposed:false
2122 http fetch GET 200 https://registry.npmjs.org/@img%2fsharp-wasm32 840ms (cache miss)
2123 silly packumentCache full:https://registry.npmjs.org/@img%2fsharp-wasm32 set size:undefined disposed:false
2124 silly placeDep ROOT @img/sharp-wasm32@0.35.5 OK for: @img/sharp-freebsd-wasm32@0.35.5 want: 0.35.5
2125 silly fetch manifest @emnapi/runtime@^1.11.3
2126 silly packumentCache full:https://registry.npmjs.org/@emnapi%2fruntime cache-miss
2127 http fetch GET 200 https://registry.npmjs.org/@emnapi%2fruntime 838ms (cache miss)
2128 silly packumentCache full:https://registry.npmjs.org/@emnapi%2fruntime set size:undefined disposed:false
2129 silly placeDep ROOT @emnapi/runtime@1.11.3 OK for: @img/sharp-wasm32@0.35.5 want: ^1.11.3
2130 silly placeDep ROOT shebang-regex@3.0.0 OK for: shebang-command@2.0.0 want: ^3.0.0
2131 silly placeDep ROOT side-channel-list@1.0.1 OK for: side-channel@1.1.1 want: ^1.0.1
2132 silly placeDep ROOT side-channel-map@1.0.1 OK for: side-channel@1.1.1 want: ^1.0.1
2133 silly placeDep ROOT side-channel-weakmap@1.0.2 OK for: side-channel@1.1.1 want: ^1.0.2
2134 silly placeDep ROOT client-only@0.0.1 OK for: styled-jsx@5.1.6 want: 0.0.1
2135 silly placeDep ROOT has-flag@4.0.0 OK for: supports-color@7.2.0 want: ^4.0.0
2136 silly placeDep node_modules/tinyglobby fdir@6.5.0 OK for: tinyglobby@0.2.17 want: ^6.5.0
2137 silly placeDep node_modules/tinyglobby picomatch@4.0.7 OK for: fdir@6.5.0 want: ^3 || ^4
2138 silly placeDep ROOT is-number@7.0.0 OK for: to-regex-range@5.0.1 want: ^7.0.0
2139 silly placeDep ROOT @types/json5@0.0.29 OK for: tsconfig-paths@3.15.0 want: ^0.0.29
2140 silly placeDep node_modules/tsconfig-paths json5@1.0.2 OK for: tsconfig-paths@3.15.0 want: ^1.0.2
2141 silly placeDep ROOT minimist@1.2.8 OK for: tsconfig-paths@3.15.0 want: ^1.2.6
2142 silly placeDep ROOT strip-bom@3.0.0 OK for: tsconfig-paths@3.15.0 want: ^3.0.0
2143 silly fetch manifest minimist@^1.2.0
2144 silly packumentCache full:https://registry.npmjs.org/minimist cache-miss
2145 http cache https://registry.npmjs.org/minimist 31ms (cache hit)
2146 silly packumentCache full:https://registry.npmjs.org/minimist set size:77063 disposed:false
2147 silly placeDep ROOT for-each@0.3.5 OK for: typed-array-byte-length@1.0.3 want: ^0.3.3
2148 silly placeDep ROOT reflect.getprototypeof@1.0.10 OK for: typed-array-byte-offset@1.0.5 want: ^1.0.10
2149 silly fetch manifest which-builtin-type@^1.2.1
2150 silly packumentCache full:https://registry.npmjs.org/which-builtin-type cache-miss
2151 http fetch GET 200 https://registry.npmjs.org/which-builtin-type 303ms (cache miss)
2152 silly packumentCache full:https://registry.npmjs.org/which-builtin-type set size:undefined disposed:false
2153 silly placeDep ROOT which-builtin-type@1.2.1 OK for: reflect.getprototypeof@1.0.10 want: ^1.2.1
2154 silly fetch manifest is-async-function@^2.0.0
2155 silly packumentCache full:https://registry.npmjs.org/is-async-function cache-miss
2156 silly fetch manifest is-finalizationregistry@^1.1.0
2157 silly packumentCache full:https://registry.npmjs.org/is-finalizationregistry cache-miss
2158 silly fetch manifest is-generator-function@^1.0.10
2159 silly packumentCache full:https://registry.npmjs.org/is-generator-function cache-miss
2160 silly fetch manifest which-boxed-primitive@^1.1.0
2161 silly packumentCache full:https://registry.npmjs.org/which-boxed-primitive cache-miss
2162 silly fetch manifest which-collection@^1.0.2
2163 silly packumentCache full:https://registry.npmjs.org/which-collection cache-miss
2164 http cache https://registry.npmjs.org/which-boxed-primitive 31ms (cache hit)
2165 silly packumentCache full:https://registry.npmjs.org/which-boxed-primitive set size:19407 disposed:false
2166 http fetch GET 200 https://registry.npmjs.org/is-generator-function 290ms (cache miss)
2167 silly packumentCache full:https://registry.npmjs.org/is-generator-function set size:undefined disposed:false
2168 http fetch GET 200 https://registry.npmjs.org/is-finalizationregistry 320ms (cache miss)
2169 silly packumentCache full:https://registry.npmjs.org/is-finalizationregistry set size:undefined disposed:false
2170 http fetch GET 200 https://registry.npmjs.org/which-collection 342ms (cache miss)
2171 silly packumentCache full:https://registry.npmjs.org/which-collection set size:undefined disposed:false
2172 http fetch GET 200 https://registry.npmjs.org/is-async-function 350ms (cache miss)
2173 silly packumentCache full:https://registry.npmjs.org/is-async-function set size:undefined disposed:false
2174 silly fetch manifest eslint@^8.57.0 || ^9.0.0 || ^10.0.0
2175 silly packumentCache full:https://registry.npmjs.org/eslint cache-miss
2176 http cache https://registry.npmjs.org/eslint 40ms (cache hit)
2177 silly packumentCache full:https://registry.npmjs.org/eslint set size:2085131 disposed:false
2178 silly placeDep ROOT @typescript-eslint/eslint-plugin@8.71.0 OK for: typescript-eslint@8.71.0 want: 8.71.0
2179 silly placeDep ROOT @typescript-eslint/parser@8.71.0 OK for: @typescript-eslint/eslint-plugin@8.71.0 want: ^8.71.0
2180 silly placeDep ROOT @typescript-eslint/typescript-estree@8.71.0 OK for: typescript-eslint@8.71.0 want: 8.71.0
2181 silly placeDep ROOT @typescript-eslint/utils@8.71.0 OK for: typescript-eslint@8.71.0 want: 8.71.0
2182 silly fetch manifest ignore@^7.0.5
2183 silly packumentCache full:https://registry.npmjs.org/ignore cache-miss
2184 silly fetch manifest ts-api-utils@^2.5.0
2185 silly packumentCache full:https://registry.npmjs.org/ts-api-utils cache-miss
2186 silly fetch manifest @typescript-eslint/type-utils@8.71.0
2187 silly packumentCache full:https://registry.npmjs.org/@typescript-eslint%2ftype-utils cache-miss
2188 silly fetch manifest @typescript-eslint/visitor-keys@8.71.0
2189 silly packumentCache full:https://registry.npmjs.org/@typescript-eslint%2fvisitor-keys cache-miss
2190 silly fetch manifest @typescript-eslint/scope-manager@8.71.0
2191 silly packumentCache full:https://registry.npmjs.org/@typescript-eslint%2fscope-manager cache-miss
2192 silly fetch manifest @typescript-eslint/types@8.71.0
2193 silly packumentCache full:https://registry.npmjs.org/@typescript-eslint%2ftypes cache-miss
2194 silly fetch manifest @typescript-eslint/visitor-keys@8.71.0
2195 silly packumentCache full:https://registry.npmjs.org/@typescript-eslint%2fvisitor-keys cache-miss
2196 silly fetch manifest @typescript-eslint/scope-manager@8.71.0
2197 silly packumentCache full:https://registry.npmjs.org/@typescript-eslint%2fscope-manager cache-miss
2198 silly fetch manifest semver@^7.7.3
2199 silly packumentCache full:https://registry.npmjs.org/semver cache-hit
2200 silly fetch manifest minimatch@^10.2.2
2201 silly packumentCache full:https://registry.npmjs.org/minimatch cache-miss
2202 silly fetch manifest ts-api-utils@^2.5.0
2203 silly packumentCache full:https://registry.npmjs.org/ts-api-utils cache-miss
2204 silly fetch manifest @typescript-eslint/types@8.71.0
2205 silly packumentCache full:https://registry.npmjs.org/@typescript-eslint%2ftypes cache-miss
2206 http cache https://registry.npmjs.org/ignore 82ms (cache hit)
2207 silly packumentCache full:https://registry.npmjs.org/ignore set size:262735 disposed:false
2208 silly fetch manifest @typescript-eslint/visitor-keys@8.71.0
2209 silly packumentCache full:https://registry.npmjs.org/@typescript-eslint%2fvisitor-keys cache-miss
2210 http cache https://registry.npmjs.org/minimatch 106ms (cache hit)
2211 silly packumentCache full:https://registry.npmjs.org/minimatch set size:377924 disposed:false
2212 silly fetch manifest @typescript-eslint/tsconfig-utils@8.71.0
2213 silly packumentCache full:https://registry.npmjs.org/@typescript-eslint%2ftsconfig-utils cache-miss
2214 http fetch GET 200 https://registry.npmjs.org/ts-api-utils 413ms (cache miss)
2215 silly packumentCache full:https://registry.npmjs.org/ts-api-utils set size:undefined disposed:false
2216 silly fetch manifest @typescript-eslint/project-service@8.71.0
2217 silly packumentCache full:https://registry.npmjs.org/@typescript-eslint%2fproject-service cache-miss
2218 http fetch GET 200 https://registry.npmjs.org/ts-api-utils 441ms (cache miss)
2219 silly packumentCache full:https://registry.npmjs.org/ts-api-utils set size:undefined disposed:false
2220 silly fetch manifest @typescript-eslint/types@8.71.0
2221 silly packumentCache full:https://registry.npmjs.org/@typescript-eslint%2ftypes cache-miss
2222 http fetch GET 200 https://registry.npmjs.org/@typescript-eslint%2ftsconfig-utils 1258ms (cache miss)
2223 silly packumentCache full:https://registry.npmjs.org/@typescript-eslint%2ftsconfig-utils set size:undefined disposed:false
2224 silly fetch manifest @typescript-eslint/scope-manager@8.71.0
2225 silly packumentCache full:https://registry.npmjs.org/@typescript-eslint%2fscope-manager cache-miss
2226 http fetch GET 200 https://registry.npmjs.org/@typescript-eslint%2fproject-service 1370ms (cache miss)
2227 silly packumentCache full:https://registry.npmjs.org/@typescript-eslint%2fproject-service set size:undefined disposed:false
2228 http fetch GET 200 https://registry.npmjs.org/@typescript-eslint%2ftype-utils 3760ms (cache miss)
2229 silly packumentCache full:https://registry.npmjs.org/@typescript-eslint%2ftype-utils set size:undefined disposed:false
2230 http fetch GET 200 https://registry.npmjs.org/@typescript-eslint%2ftypes 4008ms (cache miss)
2231 silly packumentCache full:https://registry.npmjs.org/@typescript-eslint%2ftypes set size:undefined disposed:false
2232 http fetch GET 200 https://registry.npmjs.org/@typescript-eslint%2fvisitor-keys 4321ms (cache miss)
2233 silly packumentCache full:https://registry.npmjs.org/@typescript-eslint%2fvisitor-keys set size:undefined disposed:false
2234 http fetch GET 200 https://registry.npmjs.org/@typescript-eslint%2ftypes 4632ms (cache miss)
2235 silly packumentCache full:https://registry.npmjs.org/@typescript-eslint%2ftypes set size:undefined disposed:false
2236 http fetch GET 200 https://registry.npmjs.org/@typescript-eslint%2fscope-manager 4945ms (cache miss)
2237 silly packumentCache full:https://registry.npmjs.org/@typescript-eslint%2fscope-manager set size:undefined disposed:false
2238 http fetch GET 200 https://registry.npmjs.org/@typescript-eslint%2fvisitor-keys 5162ms (cache miss)
2239 silly packumentCache full:https://registry.npmjs.org/@typescript-eslint%2fvisitor-keys set size:undefined disposed:false
2240 http fetch GET 200 https://registry.npmjs.org/@typescript-eslint%2fscope-manager 5426ms (cache miss)
2241 silly packumentCache full:https://registry.npmjs.org/@typescript-eslint%2fscope-manager set size:undefined disposed:false
2242 http fetch GET 200 https://registry.npmjs.org/@typescript-eslint%2fscope-manager 4297ms (cache miss)
2243 silly packumentCache full:https://registry.npmjs.org/@typescript-eslint%2fscope-manager set size:undefined disposed:false
2244 http fetch GET 200 https://registry.npmjs.org/@typescript-eslint%2ftypes 5489ms (cache miss)
2245 silly packumentCache full:https://registry.npmjs.org/@typescript-eslint%2ftypes set size:undefined disposed:false
2246 http fetch GET 200 https://registry.npmjs.org/@typescript-eslint%2fvisitor-keys 6256ms (cache miss)
2247 silly packumentCache full:https://registry.npmjs.org/@typescript-eslint%2fvisitor-keys set size:undefined disposed:false
2248 silly placeDep ROOT @typescript-eslint/scope-manager@8.71.0 OK for: @typescript-eslint/eslint-plugin@8.71.0 want: 8.71.0
2249 silly placeDep ROOT @typescript-eslint/type-utils@8.71.0 OK for: @typescript-eslint/eslint-plugin@8.71.0 want: 8.71.0
2250 silly placeDep ROOT @typescript-eslint/visitor-keys@8.71.0 OK for: @typescript-eslint/eslint-plugin@8.71.0 want: 8.71.0
2251 silly placeDep node_modules/@typescript-eslint/eslint-plugin ignore@7.0.11 OK for: @typescript-eslint/eslint-plugin@8.71.0 want: ^7.0.5
2252 silly placeDep ROOT ts-api-utils@2.5.0 OK for: @typescript-eslint/eslint-plugin@8.71.0 want: ^2.5.0
2253 silly fetch manifest eslint-visitor-keys@^5.0.0
2254 silly packumentCache full:https://registry.npmjs.org/eslint-visitor-keys cache-hit
2255 silly placeDep ROOT @typescript-eslint/types@8.71.0 OK for: @typescript-eslint/parser@8.71.0 want: 8.71.0
2256 silly placeDep ROOT @typescript-eslint/project-service@8.71.0 OK for: @typescript-eslint/typescript-estree@8.71.0 want: 8.71.0
2257 silly placeDep ROOT @typescript-eslint/tsconfig-utils@8.71.0 OK for: @typescript-eslint/typescript-estree@8.71.0 want: 8.71.0
2258 silly placeDep node_modules/@typescript-eslint/typescript-estree minimatch@10.2.6 OK for: @typescript-eslint/typescript-estree@8.71.0 want: ^10.2.2
2259 silly placeDep node_modules/@typescript-eslint/typescript-estree semver@7.8.5 OK for: @typescript-eslint/typescript-estree@8.71.0 want: ^7.7.3
2260 silly fetch manifest @typescript-eslint/tsconfig-utils@^8.71.0
2261 silly packumentCache full:https://registry.npmjs.org/@typescript-eslint%2ftsconfig-utils cache-miss
2262 silly fetch manifest brace-expansion@^5.0.8
2263 silly packumentCache full:https://registry.npmjs.org/brace-expansion cache-miss
2264 http cache https://registry.npmjs.org/brace-expansion 24ms (cache hit)
2265 silly packumentCache full:https://registry.npmjs.org/brace-expansion set size:128514 disposed:false
2266 http cache https://registry.npmjs.org/@typescript-eslint%2ftsconfig-utils 44ms (cache hit)
2267 silly packumentCache full:https://registry.npmjs.org/@typescript-eslint%2ftsconfig-utils set size:1959786 disposed:false
2268 silly placeDep node_modules/@typescript-eslint/visitor-keys eslint-visitor-keys@5.0.1 OK for: @typescript-eslint/visitor-keys@8.71.0 want: ^5.0.0
2269 silly placeDep ROOT has-bigints@1.1.0 OK for: unbox-primitive@1.1.0 want: ^1.0.2
2270 silly placeDep ROOT which-boxed-primitive@1.1.1 OK for: unbox-primitive@1.1.0 want: ^1.1.1
2271 silly fetch manifest is-bigint@^1.1.0
2272 silly packumentCache full:https://registry.npmjs.org/is-bigint cache-miss
2273 silly fetch manifest is-boolean-object@^1.2.1
2274 silly packumentCache full:https://registry.npmjs.org/is-boolean-object cache-miss
2275 silly fetch manifest is-number-object@^1.1.1
2276 silly packumentCache full:https://registry.npmjs.org/is-number-object cache-miss
2277 http fetch GET 200 https://registry.npmjs.org/is-number-object 347ms (cache miss)
2278 silly packumentCache full:https://registry.npmjs.org/is-number-object set size:undefined disposed:false
2279 http fetch GET 200 https://registry.npmjs.org/is-bigint 354ms (cache miss)
2280 silly packumentCache full:https://registry.npmjs.org/is-bigint set size:undefined disposed:false
2281 http fetch GET 200 https://registry.npmjs.org/is-boolean-object 366ms (cache miss)
2282 silly packumentCache full:https://registry.npmjs.org/is-boolean-object set size:undefined disposed:false
2283 silly placeDep ROOT @unrs/resolver-binding-android-arm-eabi@1.12.2 OK for: unrs-resolver@1.12.2 want: 1.12.2
2284 silly placeDep ROOT @unrs/resolver-binding-android-arm64@1.12.2 OK for: unrs-resolver@1.12.2 want: 1.12.2
2285 silly placeDep ROOT @unrs/resolver-binding-darwin-arm64@1.12.2 OK for: unrs-resolver@1.12.2 want: 1.12.2
2286 silly placeDep ROOT @unrs/resolver-binding-darwin-x64@1.12.2 OK for: unrs-resolver@1.12.2 want: 1.12.2
2287 silly placeDep ROOT @unrs/resolver-binding-freebsd-x64@1.12.2 OK for: unrs-resolver@1.12.2 want: 1.12.2
2288 silly placeDep ROOT @unrs/resolver-binding-linux-arm-gnueabihf@1.12.2 OK for: unrs-resolver@1.12.2 want: 1.12.2
2289 silly placeDep ROOT @unrs/resolver-binding-linux-arm-musleabihf@1.12.2 OK for: unrs-resolver@1.12.2 want: 1.12.2
2290 silly placeDep ROOT @unrs/resolver-binding-linux-arm64-gnu@1.12.2 OK for: unrs-resolver@1.12.2 want: 1.12.2
2291 silly placeDep ROOT @unrs/resolver-binding-linux-arm64-musl@1.12.2 OK for: unrs-resolver@1.12.2 want: 1.12.2
2292 silly placeDep ROOT @unrs/resolver-binding-linux-loong64-gnu@1.12.2 OK for: unrs-resolver@1.12.2 want: 1.12.2
2293 silly placeDep ROOT @unrs/resolver-binding-linux-loong64-musl@1.12.2 OK for: unrs-resolver@1.12.2 want: 1.12.2
2294 silly placeDep ROOT @unrs/resolver-binding-linux-ppc64-gnu@1.12.2 OK for: unrs-resolver@1.12.2 want: 1.12.2
2295 silly placeDep ROOT @unrs/resolver-binding-linux-riscv64-gnu@1.12.2 OK for: unrs-resolver@1.12.2 want: 1.12.2
2296 silly placeDep ROOT @unrs/resolver-binding-linux-riscv64-musl@1.12.2 OK for: unrs-resolver@1.12.2 want: 1.12.2
2297 silly placeDep ROOT @unrs/resolver-binding-linux-s390x-gnu@1.12.2 OK for: unrs-resolver@1.12.2 want: 1.12.2
2298 silly placeDep ROOT @unrs/resolver-binding-linux-x64-gnu@1.12.2 OK for: unrs-resolver@1.12.2 want: 1.12.2
2299 silly placeDep ROOT @unrs/resolver-binding-linux-x64-musl@1.12.2 OK for: unrs-resolver@1.12.2 want: 1.12.2
2300 silly placeDep ROOT @unrs/resolver-binding-openharmony-arm64@1.12.2 OK for: unrs-resolver@1.12.2 want: 1.12.2
2301 silly placeDep ROOT @unrs/resolver-binding-wasm32-wasi@1.12.2 OK for: unrs-resolver@1.12.2 want: 1.12.2
2302 silly placeDep ROOT @unrs/resolver-binding-win32-arm64-msvc@1.12.2 OK for: unrs-resolver@1.12.2 want: 1.12.2
2303 silly placeDep ROOT @unrs/resolver-binding-win32-ia32-msvc@1.12.2 OK for: unrs-resolver@1.12.2 want: 1.12.2
2304 silly placeDep ROOT @unrs/resolver-binding-win32-x64-msvc@1.12.2 OK for: unrs-resolver@1.12.2 want: 1.12.2
2305 silly placeDep ROOT napi-postinstall@0.3.4 OK for: unrs-resolver@1.12.2 want: ^0.3.4
2306 silly fetch manifest @napi-rs/wasm-runtime@^1.1.4
2307 silly packumentCache full:https://registry.npmjs.org/@napi-rs%2fwasm-runtime cache-miss
2308 silly fetch manifest @emnapi/core@1.10.0
2309 silly packumentCache full:https://registry.npmjs.org/@emnapi%2fcore cache-miss
2310 silly fetch manifest @emnapi/runtime@1.10.0
2311 silly packumentCache full:https://registry.npmjs.org/@emnapi%2fruntime cache-miss
2312 http cache https://registry.npmjs.org/@emnapi%2fruntime 31ms (cache hit)
2313 silly packumentCache full:https://registry.npmjs.org/@emnapi%2fruntime set size:127256 disposed:false
2314 http fetch GET 200 https://registry.npmjs.org/@napi-rs%2fwasm-runtime 829ms (cache miss)
2315 silly packumentCache full:https://registry.npmjs.org/@napi-rs%2fwasm-runtime set size:undefined disposed:false
2316 http fetch GET 200 https://registry.npmjs.org/@emnapi%2fcore 871ms (cache miss)
2317 silly packumentCache full:https://registry.npmjs.org/@emnapi%2fcore set size:undefined disposed:false
2318 silly placeDep ROOT @emnapi/core@1.10.0 OK for: @unrs/resolver-binding-wasm32-wasi@1.12.2 want: 1.10.0
2319 silly placeDep node_modules/@unrs/resolver-binding-wasm32-wasi @emnapi/runtime@1.10.0 OK for: @unrs/resolver-binding-wasm32-wasi@1.12.2 want: 1.10.0
2320 silly placeDep ROOT @napi-rs/wasm-runtime@1.2.4 OK for: @unrs/resolver-binding-wasm32-wasi@1.12.2 want: ^1.1.4
2321 silly fetch manifest @emnapi/wasi-threads@1.2.1
2322 silly packumentCache full:https://registry.npmjs.org/@emnapi%2fwasi-threads cache-miss
2323 silly fetch manifest @tybys/wasm-util@^0.10.3
2324 silly packumentCache full:https://registry.npmjs.org/@tybys%2fwasm-util cache-miss
2325 http fetch GET 200 https://registry.npmjs.org/@tybys%2fwasm-util 781ms (cache miss)
2326 silly packumentCache full:https://registry.npmjs.org/@tybys%2fwasm-util set size:undefined disposed:false
2327 http fetch GET 200 https://registry.npmjs.org/@emnapi%2fwasi-threads 808ms (cache miss)
2328 silly packumentCache full:https://registry.npmjs.org/@emnapi%2fwasi-threads set size:undefined disposed:false
2329 silly placeDep ROOT @emnapi/wasi-threads@1.2.1 OK for: @emnapi/core@1.10.0 want: 1.2.1
2330 silly placeDep ROOT @tybys/wasm-util@0.10.4 OK for: @napi-rs/wasm-runtime@1.2.4 want: ^0.10.3
2331 silly placeDep ROOT escalade@3.2.0 OK for: update-browserslist-db@1.3.3 want: ^3.2.0
2332 silly placeDep ROOT punycode@2.3.1 OK for: uri-js@4.4.1 want: ^2.1.0
2333 silly placeDep ROOT isexe@2.0.0 OK for: which@2.0.2 want: ^2.0.0
2334 silly placeDep ROOT is-bigint@1.1.0 OK for: which-boxed-primitive@1.1.1 want: ^1.1.0
2335 silly placeDep ROOT is-boolean-object@1.2.2 OK for: which-boxed-primitive@1.1.1 want: ^1.2.1
2336 silly placeDep ROOT is-number-object@1.1.1 OK for: which-boxed-primitive@1.1.1 want: ^1.1.1
2337 silly placeDep ROOT is-async-function@2.1.1 OK for: which-builtin-type@1.2.1 want: ^2.0.0
2338 silly placeDep ROOT is-finalizationregistry@1.1.1 OK for: which-builtin-type@1.2.1 want: ^1.1.0
2339 silly placeDep ROOT is-generator-function@1.1.2 OK for: which-builtin-type@1.2.1 want: ^1.0.10
2340 silly placeDep ROOT which-collection@1.0.2 OK for: which-builtin-type@1.2.1 want: ^1.0.2
2341 silly fetch manifest async-function@^1.0.0
2342 silly packumentCache full:https://registry.npmjs.org/async-function cache-miss
2343 silly fetch manifest generator-function@^2.0.0
2344 silly packumentCache full:https://registry.npmjs.org/generator-function cache-miss
2345 silly fetch manifest is-map@^2.0.3
2346 silly packumentCache full:https://registry.npmjs.org/is-map cache-miss
2347 silly fetch manifest is-weakmap@^2.0.2
2348 silly packumentCache full:https://registry.npmjs.org/is-weakmap cache-miss
2349 silly fetch manifest is-weakset@^2.0.3
2350 silly packumentCache full:https://registry.npmjs.org/is-weakset cache-miss
2351 http fetch GET 200 https://registry.npmjs.org/is-weakset 306ms (cache miss)
2352 silly packumentCache full:https://registry.npmjs.org/is-weakset set size:undefined disposed:false
2353 http fetch GET 200 https://registry.npmjs.org/async-function 320ms (cache miss)
2354 silly packumentCache full:https://registry.npmjs.org/async-function set size:undefined disposed:false
2355 http fetch GET 200 https://registry.npmjs.org/is-weakmap 323ms (cache miss)
2356 silly packumentCache full:https://registry.npmjs.org/is-weakmap set size:undefined disposed:false
2357 http fetch GET 200 https://registry.npmjs.org/is-map 334ms (cache miss)
2358 silly packumentCache full:https://registry.npmjs.org/is-map set size:undefined disposed:false
2359 http fetch GET 200 https://registry.npmjs.org/generator-function 336ms (cache miss)
2360 silly packumentCache full:https://registry.npmjs.org/generator-function set size:undefined disposed:false
2361 silly placeDep ROOT async-function@1.0.0 OK for: is-async-function@2.1.1 want: ^1.0.0
2362 silly placeDep ROOT generator-function@2.0.1 OK for: is-generator-function@1.1.2 want: ^2.0.0
2363 silly placeDep ROOT is-map@2.0.3 OK for: which-collection@1.0.2 want: ^2.0.3
2364 silly placeDep ROOT is-weakmap@2.0.2 OK for: which-collection@1.0.2 want: ^2.0.2
2365 silly placeDep ROOT is-weakset@2.0.4 OK for: which-collection@1.0.2 want: ^2.0.3
2366 silly placeDep node_modules/@next/eslint-plugin-next eslint-visitor-keys@3.4.3 OK for: @eslint-community/eslint-utils@4.9.1 want: ^3.4.3
2367 silly placeDep node_modules/@typescript-eslint/typescript-estree brace-expansion@5.0.12 OK for: minimatch@10.2.6 want: ^5.0.8
2368 silly fetch manifest balanced-match@^4.0.2
2369 silly packumentCache full:https://registry.npmjs.org/balanced-match cache-miss
2370 http cache https://registry.npmjs.org/balanced-match 11ms (cache hit)
2371 silly packumentCache full:https://registry.npmjs.org/balanced-match set size:39082 disposed:false
2372 silly placeDep node_modules/@typescript-eslint/typescript-estree balanced-match@4.0.4 OK for: brace-expansion@5.0.12 want: ^4.0.2
2373 silly reify moves {}
2374 http cache is-weakset@https://registry.npmjs.org/is-weakset/-/is-weakset-2.0.4.tgz 0ms (cache hit)
2375 http cache generator-function@https://registry.npmjs.org/generator-function/-/generator-function-2.0.1.tgz 0ms (cache hit)
2376 http cache is-weakmap@https://registry.npmjs.org/is-weakmap/-/is-weakmap-2.0.2.tgz 0ms (cache hit)
2377 http cache is-map@https://registry.npmjs.org/is-map/-/is-map-2.0.3.tgz 0ms (cache hit)
2378 http cache async-function@https://registry.npmjs.org/async-function/-/async-function-1.0.0.tgz 0ms (cache hit)
2379 http cache is-generator-function@https://registry.npmjs.org/is-generator-function/-/is-generator-function-1.1.2.tgz 0ms (cache hit)
2380 http cache which-collection@https://registry.npmjs.org/which-collection/-/which-collection-1.0.2.tgz 0ms (cache hit)
2381 http cache is-finalizationregistry@https://registry.npmjs.org/is-finalizationregistry/-/is-finalizationregistry-1.1.1.tgz 0ms (cache hit)
2382 http cache is-async-function@https://registry.npmjs.org/is-async-function/-/is-async-function-2.1.1.tgz 0ms (cache hit)
2383 http cache is-number-object@https://registry.npmjs.org/is-number-object/-/is-number-object-1.1.1.tgz 0ms (cache hit)
2384 http cache is-boolean-object@https://registry.npmjs.org/is-boolean-object/-/is-boolean-object-1.2.2.tgz 0ms (cache hit)
2385 http cache is-bigint@https://registry.npmjs.org/is-bigint/-/is-bigint-1.1.0.tgz 0ms (cache hit)
2386 http cache punycode@https://registry.npmjs.org/punycode/-/punycode-2.3.1.tgz 0ms (cache hit)
2387 http cache escalade@https://registry.npmjs.org/escalade/-/escalade-3.2.0.tgz 0ms (cache hit)
2388 http cache isexe@https://registry.npmjs.org/isexe/-/isexe-2.0.0.tgz 0ms (cache hit)
2389 http cache napi-postinstall@https://registry.npmjs.org/napi-postinstall/-/napi-postinstall-0.3.4.tgz 0ms (cache hit)
2390 http cache has-bigints@https://registry.npmjs.org/has-bigints/-/has-bigints-1.1.0.tgz 0ms (cache hit)
2391 http cache @unrs/resolver-binding-win32-x64-msvc@https://registry.npmjs.org/@unrs/resolver-binding-win32-x64-msvc/-/resolver-binding-win32-x64-msvc-1.12.2.tgz 0ms (cache hit)
2392 http cache ts-api-utils@https://registry.npmjs.org/ts-api-utils/-/ts-api-utils-2.5.0.tgz 0ms (cache hit)
2393 http cache which-boxed-primitive@https://registry.npmjs.org/which-boxed-primitive/-/which-boxed-primitive-1.1.1.tgz 0ms (cache hit)
2394 http cache @typescript-eslint/tsconfig-utils@https://registry.npmjs.org/@typescript-eslint/tsconfig-utils/-/tsconfig-utils-8.71.0.tgz 0ms (cache hit)
2395 http cache @typescript-eslint/project-service@https://registry.npmjs.org/@typescript-eslint/project-service/-/project-service-8.71.0.tgz 0ms (cache hit)
2396 http cache @typescript-eslint/types@https://registry.npmjs.org/@typescript-eslint/types/-/types-8.71.0.tgz 0ms (cache hit)
2397 http cache @typescript-eslint/visitor-keys@https://registry.npmjs.org/@typescript-eslint/visitor-keys/-/visitor-keys-8.71.0.tgz 0ms (cache hit)
2398 http cache @typescript-eslint/type-utils@https://registry.npmjs.org/@typescript-eslint/type-utils/-/type-utils-8.71.0.tgz 0ms (cache hit)
2399 http cache @typescript-eslint/scope-manager@https://registry.npmjs.org/@typescript-eslint/scope-manager/-/scope-manager-8.71.0.tgz 0ms (cache hit)
2400 http cache which-builtin-type@https://registry.npmjs.org/which-builtin-type/-/which-builtin-type-1.2.1.tgz 0ms (cache hit)
2401 http cache @typescript-eslint/utils@https://registry.npmjs.org/@typescript-eslint/utils/-/utils-8.71.0.tgz 0ms (cache hit)
2402 http cache for-each@https://registry.npmjs.org/for-each/-/for-each-0.3.5.tgz 0ms (cache hit)
2403 http cache strip-bom@https://registry.npmjs.org/strip-bom/-/strip-bom-3.0.0.tgz 0ms (cache hit)
2404 http cache @typescript-eslint/typescript-estree@https://registry.npmjs.org/@typescript-eslint/typescript-estree/-/typescript-estree-8.71.0.tgz 0ms (cache hit)
2405 http cache @typescript-eslint/parser@https://registry.npmjs.org/@typescript-eslint/parser/-/parser-8.71.0.tgz 0ms (cache hit)
2406 http cache @typescript-eslint/eslint-plugin@https://registry.npmjs.org/@typescript-eslint/eslint-plugin/-/eslint-plugin-8.71.0.tgz 0ms (cache hit)
2407 http cache @types/json5@https://registry.npmjs.org/@types/json5/-/json5-0.0.29.tgz 1ms (cache hit)
2408 http cache minimist@https://registry.npmjs.org/minimist/-/minimist-1.2.8.tgz 0ms (cache hit)
2409 http cache reflect.getprototypeof@https://registry.npmjs.org/reflect.getprototypeof/-/reflect.getprototypeof-1.0.10.tgz 0ms (cache hit)
2410 http cache is-number@https://registry.npmjs.org/is-number/-/is-number-7.0.0.tgz 0ms (cache hit)
2411 http cache has-flag@https://registry.npmjs.org/has-flag/-/has-flag-4.0.0.tgz 0ms (cache hit)
2412 http cache side-channel-weakmap@https://registry.npmjs.org/side-channel-weakmap/-/side-channel-weakmap-1.0.2.tgz 0ms (cache hit)
2413 http cache client-only@https://registry.npmjs.org/client-only/-/client-only-0.0.1.tgz 0ms (cache hit)
2414 http cache side-channel-list@https://registry.npmjs.org/side-channel-list/-/side-channel-list-1.0.1.tgz 0ms (cache hit)
2415 http cache side-channel-map@https://registry.npmjs.org/side-channel-map/-/side-channel-map-1.0.1.tgz 0ms (cache hit)
2416 http cache @img/sharp-win32-x64@https://registry.npmjs.org/@img/sharp-win32-x64/-/sharp-win32-x64-0.35.5.tgz 0ms (cache hit)
2417 http cache shebang-regex@https://registry.npmjs.org/shebang-regex/-/shebang-regex-3.0.0.tgz 0ms (cache hit)
2418 http cache detect-libc@https://registry.npmjs.org/detect-libc/-/detect-libc-2.1.2.tgz 0ms (cache hit)
2419 http cache @img/colour@https://registry.npmjs.org/@img/colour/-/colour-1.1.0.tgz 0ms (cache hit)
2420 http cache isarray@https://registry.npmjs.org/isarray/-/isarray-2.0.5.tgz 0ms (cache hit)
2421 http cache queue-microtask@https://registry.npmjs.org/queue-microtask/-/queue-microtask-1.2.3.tgz 0ms (cache hit)
2422 http cache supports-preserve-symlinks-flag@https://registry.npmjs.org/supports-preserve-symlinks-flag/-/supports-preserve-symlinks-flag-1.0.0.tgz 0ms (cache hit)
2423 http cache path-parse@https://registry.npmjs.org/path-parse/-/path-parse-1.0.7.tgz 0ms (cache hit)
2424 http cache node-exports-info@https://registry.npmjs.org/node-exports-info/-/node-exports-info-1.6.2.tgz 0ms (cache hit)
2425 http cache scheduler@https://registry.npmjs.org/scheduler/-/scheduler-0.28.0.tgz 0ms (cache hit)
2426 http cache react-is@https://registry.npmjs.org/react-is/-/react-is-16.13.1.tgz 0ms (cache hit)
2427 http cache object-assign@https://registry.npmjs.org/object-assign/-/object-assign-4.1.1.tgz 0ms (cache hit)
2428 http cache nanoid@https://registry.npmjs.org/nanoid/-/nanoid-3.3.19.tgz 0ms (cache hit)
2429 http cache loose-envify@https://registry.npmjs.org/loose-envify/-/loose-envify-1.4.0.tgz 0ms (cache hit)
2430 http cache source-map-js@https://registry.npmjs.org/source-map-js/-/source-map-js-1.2.2.tgz 0ms (cache hit)
2431 http cache callsites@https://registry.npmjs.org/callsites/-/callsites-3.1.0.tgz 0ms (cache hit)
2432 http cache yocto-queue@https://registry.npmjs.org/yocto-queue/-/yocto-queue-0.1.0.tgz 0ms (cache hit)
2433 http cache word-wrap@https://registry.npmjs.org/word-wrap/-/word-wrap-1.2.5.tgz 0ms (cache hit)
2434 http cache p-limit@https://registry.npmjs.org/p-limit/-/p-limit-3.1.0.tgz 0ms (cache hit)
2435 http cache fast-levenshtein@https://registry.npmjs.org/fast-levenshtein/-/fast-levenshtein-2.0.6.tgz 0ms (cache hit)
2436 http cache styled-jsx@https://registry.npmjs.org/styled-jsx/-/styled-jsx-5.1.6.tgz 1ms (cache hit)
2437 http cache sharp@https://registry.npmjs.org/sharp/-/sharp-0.35.5.tgz 0ms (cache hit)
2438 http cache deep-is@https://registry.npmjs.org/deep-is/-/deep-is-0.1.4.tgz 0ms (cache hit)
2439 http cache tslib@https://registry.npmjs.org/tslib/-/tslib-2.8.1.tgz 0ms (cache hit)
2440 http cache @swc/helpers@https://registry.npmjs.org/@swc/helpers/-/helpers-0.5.23.tgz 0ms (cache hit)
2441 http cache @next/swc-win32-x64-msvc@https://registry.npmjs.org/@next/swc-win32-x64-msvc/-/swc-win32-x64-msvc-16.3.8.tgz 0ms (cache hit)
2442 http cache @next/env@https://registry.npmjs.org/@next/env/-/env-16.3.8.tgz 0ms (cache hit)
2443 http cache to-regex-range@https://registry.npmjs.org/to-regex-range/-/to-regex-range-5.0.1.tgz 0ms (cache hit)
2444 http cache balanced-match@https://registry.npmjs.org/balanced-match/-/balanced-match-1.0.2.tgz 0ms (cache hit)
2445 http cache concat-map@https://registry.npmjs.org/concat-map/-/concat-map-0.0.1.tgz 0ms (cache hit)
2446 http cache postcss@https://registry.npmjs.org/postcss/-/postcss-8.5.23.tgz 0ms (cache hit)
2447 http cache fill-range@https://registry.npmjs.org/fill-range/-/fill-range-7.1.1.tgz 0ms (cache hit)
2448 http cache brace-expansion@https://registry.npmjs.org/brace-expansion/-/brace-expansion-1.1.21.tgz 0ms (cache hit)
2449 http cache picomatch@https://registry.npmjs.org/picomatch/-/picomatch-2.3.2.tgz 0ms (cache hit)
2450 http cache braces@https://registry.npmjs.org/braces/-/braces-3.0.3.tgz 0ms (cache hit)
2451 http cache yallist@https://registry.npmjs.org/yallist/-/yallist-3.1.1.tgz 0ms (cache hit)
2452 http cache p-locate@https://registry.npmjs.org/p-locate/-/p-locate-5.0.0.tgz 0ms (cache hit)
2453 http cache type-check@https://registry.npmjs.org/type-check/-/type-check-0.4.0.tgz 0ms (cache hit)
2454 http cache language-subtag-registry@https://registry.npmjs.org/language-subtag-registry/-/language-subtag-registry-0.3.23.tgz 0ms (cache hit)
2455 http cache prelude-ls@https://registry.npmjs.org/prelude-ls/-/prelude-ls-1.2.1.tgz 0ms (cache hit)
2456 http cache json-buffer@https://registry.npmjs.org/json-buffer/-/json-buffer-3.0.1.tgz 0ms (cache hit)
2457 http cache argparse@https://registry.npmjs.org/argparse/-/argparse-2.0.1.tgz 0ms (cache hit)
2458 http cache set-function-name@https://registry.npmjs.org/set-function-name/-/set-function-name-2.0.2.tgz 0ms (cache hit)
2459 http cache is-extglob@https://registry.npmjs.org/is-extglob/-/is-extglob-2.1.1.tgz 0ms (cache hit)
2460 http cache side-channel@https://registry.npmjs.org/side-channel/-/side-channel-1.1.1.tgz 0ms (cache hit)
2461 http cache resolve-from@https://registry.npmjs.org/resolve-from/-/resolve-from-4.0.0.tgz 0ms (cache hit)
2462 http cache hermes-estree@https://registry.npmjs.org/hermes-estree/-/hermes-estree-0.25.1.tgz 0ms (cache hit)
2463 http cache resolve-pkg-maps@https://registry.npmjs.org/resolve-pkg-maps/-/resolve-pkg-maps-1.0.0.tgz 0ms (cache hit)
2464 http cache dunder-proto@https://registry.npmjs.org/dunder-proto/-/dunder-proto-1.0.1.tgz 0ms (cache hit)
2465 http cache is-document.all@https://registry.npmjs.org/is-document.all/-/is-document.all-1.0.0.tgz 1ms (cache hit)
2466 http cache parent-module@https://registry.npmjs.org/parent-module/-/parent-module-1.0.1.tgz 0ms (cache hit)
2467 http cache functions-have-names@https://registry.npmjs.org/functions-have-names/-/functions-have-names-1.2.3.tgz 0ms (cache hit)
2468 http cache keyv@https://registry.npmjs.org/keyv/-/keyv-4.5.4.tgz 0ms (cache hit)
2469 http cache path-exists@https://registry.npmjs.org/path-exists/-/path-exists-4.0.0.tgz 0ms (cache hit)
2470 http cache locate-path@https://registry.npmjs.org/locate-path/-/locate-path-6.0.0.tgz 0ms (cache hit)
2471 http cache flat-cache@https://registry.npmjs.org/flat-cache/-/flat-cache-4.0.1.tgz 0ms (cache hit)
2472 http cache flatted@https://registry.npmjs.org/flatted/-/flatted-3.4.4.tgz 0ms (cache hit)
2473 http cache @nodelib/fs.scandir@https://registry.npmjs.org/@nodelib/fs.scandir/-/fs.scandir-2.1.5.tgz 0ms (cache hit)
2474 http cache reusify@https://registry.npmjs.org/reusify/-/reusify-1.1.0.tgz 0ms (cache hit)
2475 http cache run-parallel@https://registry.npmjs.org/run-parallel/-/run-parallel-1.2.0.tgz 0ms (cache hit)
2476 http cache fastq@https://registry.npmjs.org/fastq/-/fastq-1.20.3.tgz 0ms (cache hit)
2477 http cache @nodelib/fs.walk@https://registry.npmjs.org/@nodelib/fs.walk/-/fs.walk-1.2.8.tgz 0ms (cache hit)
2478 http cache @nodelib/fs.stat@https://registry.npmjs.org/@nodelib/fs.stat/-/fs.stat-2.0.5.tgz 0ms (cache hit)
2479 http cache merge2@https://registry.npmjs.org/merge2/-/merge2-1.4.1.tgz 0ms (cache hit)
2480 http cache micromatch@https://registry.npmjs.org/micromatch/-/micromatch-4.0.8.tgz 0ms (cache hit)
2481 http cache acorn-jsx@https://registry.npmjs.org/acorn-jsx/-/acorn-jsx-5.3.2.tgz 0ms (cache hit)
2482 http cache acorn@https://registry.npmjs.org/acorn/-/acorn-8.18.0.tgz 0ms (cache hit)
2483 http cache esrecurse@https://registry.npmjs.org/esrecurse/-/esrecurse-4.3.0.tgz 0ms (cache hit)
2484 http cache update-browserslist-db@https://registry.npmjs.org/update-browserslist-db/-/update-browserslist-db-1.3.3.tgz 0ms (cache hit)
2485 http cache electron-to-chromium@https://registry.npmjs.org/electron-to-chromium/-/electron-to-chromium-1.5.443.tgz 0ms (cache hit)
2486 http cache node-releases@https://registry.npmjs.org/node-releases/-/node-releases-2.0.57.tgz 0ms (cache hit)
2487 http cache caniuse-lite@https://registry.npmjs.org/caniuse-lite/-/caniuse-lite-1.0.30001814.tgz 0ms (cache hit)
2488 http cache @jridgewell/resolve-uri@https://registry.npmjs.org/@jridgewell/resolve-uri/-/resolve-uri-3.1.2.tgz 0ms (cache hit)
2489 http cache @jridgewell/sourcemap-codec@https://registry.npmjs.org/@jridgewell/sourcemap-codec/-/sourcemap-codec-1.6.0.tgz 0ms (cache hit)
2490 http cache baseline-browser-mapping@https://registry.npmjs.org/baseline-browser-mapping/-/baseline-browser-mapping-2.11.26.tgz 0ms (cache hit)
2491 http cache lru-cache@https://registry.npmjs.org/lru-cache/-/lru-cache-5.1.1.tgz 1ms (cache hit)
2492 http cache browserslist@https://registry.npmjs.org/browserslist/-/browserslist-4.29.3.tgz 0ms (cache hit)
2493 http cache @babel/helper-globals@https://registry.npmjs.org/@babel/helper-globals/-/helper-globals-7.29.7.tgz 0ms (cache hit)
2494 http cache jsesc@https://registry.npmjs.org/jsesc/-/jsesc-3.1.0.tgz 0ms (cache hit)
2495 http cache @babel/helper-string-parser@https://registry.npmjs.org/@babel/helper-string-parser/-/helper-string-parser-7.29.7.tgz 0ms (cache hit)
2496 http cache @babel/helper-module-imports@https://registry.npmjs.org/@babel/helper-module-imports/-/helper-module-imports-7.29.7.tgz 0ms (cache hit)
2497 http cache @babel/compat-data@https://registry.npmjs.org/@babel/compat-data/-/compat-data-7.29.7.tgz 0ms (cache hit)
2498 http cache @babel/helper-validator-option@https://registry.npmjs.org/@babel/helper-validator-option/-/helper-validator-option-7.29.7.tgz 0ms (cache hit)
2499 http cache @jridgewell/trace-mapping@https://registry.npmjs.org/@jridgewell/trace-mapping/-/trace-mapping-0.3.31.tgz 0ms (cache hit)
2500 http cache @jridgewell/gen-mapping@https://registry.npmjs.org/@jridgewell/gen-mapping/-/gen-mapping-0.3.13.tgz 0ms (cache hit)
2501 http cache js-tokens@https://registry.npmjs.org/js-tokens/-/js-tokens-4.0.0.tgz 0ms (cache hit)
2502 http cache picocolors@https://registry.npmjs.org/picocolors/-/picocolors-1.1.1.tgz 0ms (cache hit)
2503 http cache @jridgewell/remapping@https://registry.npmjs.org/@jridgewell/remapping/-/remapping-2.3.5.tgz 0ms (cache hit)
2504 http cache gensync@https://registry.npmjs.org/gensync/-/gensync-1.0.0-beta.2.tgz 0ms (cache hit)
2505 http cache @babel/traverse@https://registry.npmjs.org/@babel/traverse/-/traverse-7.29.8.tgz 0ms (cache hit)
2506 http cache @babel/types@https://registry.npmjs.org/@babel/types/-/types-7.29.8.tgz 0ms (cache hit)
2507 http cache json5@https://registry.npmjs.org/json5/-/json5-2.2.3.tgz 0ms (cache hit)
2508 http cache convert-source-map@https://registry.npmjs.org/convert-source-map/-/convert-source-map-2.0.0.tgz 0ms (cache hit)
2509 http cache @babel/helpers@https://registry.npmjs.org/@babel/helpers/-/helpers-7.29.7.tgz 0ms (cache hit)
2510 http cache @babel/template@https://registry.npmjs.org/@babel/template/-/template-7.29.7.tgz 0ms (cache hit)
2511 http cache @babel/helper-module-transforms@https://registry.npmjs.org/@babel/helper-module-transforms/-/helper-module-transforms-7.29.7.tgz 0ms (cache hit)
2512 http cache @babel/generator@https://registry.npmjs.org/@babel/generator/-/generator-7.29.8.tgz 0ms (cache hit)
2513 http cache @babel/code-frame@https://registry.npmjs.org/@babel/code-frame/-/code-frame-7.29.7.tgz 0ms (cache hit)
2514 http cache @babel/helper-validator-identifier@https://registry.npmjs.org/@babel/helper-validator-identifier/-/helper-validator-identifier-7.29.7.tgz 0ms (cache hit)
2515 http cache @babel/parser@https://registry.npmjs.org/@babel/parser/-/parser-7.29.9.tgz 0ms (cache hit)
2516 http cache @babel/core@https://registry.npmjs.org/@babel/core/-/core-7.29.7.tgz 0ms (cache hit)
2517 http cache zod-validation-error@https://registry.npmjs.org/zod-validation-error/-/zod-validation-error-4.0.2.tgz 0ms (cache hit)
2518 http cache zod@https://registry.npmjs.org/zod/-/zod-4.6.5.tgz 0ms (cache hit)
2519 http cache @babel/helper-compilation-targets@https://registry.npmjs.org/@babel/helper-compilation-targets/-/helper-compilation-targets-7.29.7.tgz 0ms (cache hit)
2520 http cache iterator.prototype@https://registry.npmjs.org/iterator.prototype/-/iterator.prototype-1.1.5.tgz 0ms (cache hit)
2521 http cache string.prototype.repeat@https://registry.npmjs.org/string.prototype.repeat/-/string.prototype.repeat-1.0.0.tgz 0ms (cache hit)
2522 http cache hermes-parser@https://registry.npmjs.org/hermes-parser/-/hermes-parser-0.25.1.tgz 0ms (cache hit)
2523 http cache estraverse@https://registry.npmjs.org/estraverse/-/estraverse-5.3.0.tgz 0ms (cache hit)
2524 http cache es-iterator-helpers@https://registry.npmjs.org/es-iterator-helpers/-/es-iterator-helpers-1.4.0.tgz 0ms (cache hit)
2525 http cache string.prototype.matchall@https://registry.npmjs.org/string.prototype.matchall/-/string.prototype.matchall-4.1.0.tgz 0ms (cache hit)
2526 http cache prop-types@https://registry.npmjs.org/prop-types/-/prop-types-15.8.1.tgz 0ms (cache hit)
2527 http cache object.entries@https://registry.npmjs.org/object.entries/-/object.entries-1.1.9.tgz 0ms (cache hit)
2528 http cache array.prototype.tosorted@https://registry.npmjs.org/array.prototype.tosorted/-/array.prototype.tosorted-1.1.4.tgz 0ms (cache hit)
2529 http cache string.prototype.includes@https://registry.npmjs.org/string.prototype.includes/-/string.prototype.includes-2.0.1.tgz 0ms (cache hit)
2530 http cache array.prototype.findlast@https://registry.npmjs.org/array.prototype.findlast/-/array.prototype.findlast-1.2.5.tgz 0ms (cache hit)
2531 http cache language-tags@https://registry.npmjs.org/language-tags/-/language-tags-1.0.9.tgz 0ms (cache hit)
2532 http cache emoji-regex@https://registry.npmjs.org/emoji-regex/-/emoji-regex-9.2.2.tgz 0ms (cache hit)
2533 http cache jsx-ast-utils@https://registry.npmjs.org/jsx-ast-utils/-/jsx-ast-utils-3.3.5.tgz 0ms (cache hit)
2534 http cache axobject-query@https://registry.npmjs.org/axobject-query/-/axobject-query-4.1.0.tgz 0ms (cache hit)
2535 http cache axe-core@https://registry.npmjs.org/axe-core/-/axe-core-4.13.0.tgz 0ms (cache hit)
2536 http cache aria-query@https://registry.npmjs.org/aria-query/-/aria-query-5.3.2.tgz 0ms (cache hit)
2537 http cache is-date-object@https://registry.npmjs.org/is-date-object/-/is-date-object-1.1.0.tgz 0ms (cache hit)
2538 http cache ast-types-flow@https://registry.npmjs.org/ast-types-flow/-/ast-types-flow-0.0.8.tgz 0ms (cache hit)
2539 http cache is-symbol@https://registry.npmjs.org/is-symbol/-/is-symbol-1.1.1.tgz 0ms (cache hit)
2540 http cache damerau-levenshtein@https://registry.npmjs.org/damerau-levenshtein/-/damerau-levenshtein-1.0.8.tgz 0ms (cache hit)
2541 http cache has-tostringtag@https://registry.npmjs.org/has-tostringtag/-/has-tostringtag-1.0.2.tgz 0ms (cache hit)
2542 http cache es-abstract-get@https://registry.npmjs.org/es-abstract-get/-/es-abstract-get-1.0.0.tgz 0ms (cache hit)
2543 http cache possible-typed-array-names@https://registry.npmjs.org/possible-typed-array-names/-/possible-typed-array-names-1.1.0.tgz 0ms (cache hit)
2544 http cache unbox-primitive@https://registry.npmjs.org/unbox-primitive/-/unbox-primitive-1.1.0.tgz 0ms (cache hit)
2545 http cache typed-array-length@https://registry.npmjs.org/typed-array-length/-/typed-array-length-1.0.8.tgz 0ms (cache hit)
2546 http cache which-typed-array@https://registry.npmjs.org/which-typed-array/-/which-typed-array-1.1.24.tgz 0ms (cache hit)
2547 http cache typed-array-byte-offset@https://registry.npmjs.org/typed-array-byte-offset/-/typed-array-byte-offset-1.0.5.tgz 0ms (cache hit)
2548 http cache typed-array-byte-length@https://registry.npmjs.org/typed-array-byte-length/-/typed-array-byte-length-1.0.3.tgz 0ms (cache hit)
2549 http cache typed-array-buffer@https://registry.npmjs.org/typed-array-buffer/-/typed-array-buffer-1.0.3.tgz 0ms (cache hit)
2550 http cache string.prototype.trimstart@https://registry.npmjs.org/string.prototype.trimstart/-/string.prototype.trimstart-1.0.8.tgz 0ms (cache hit)
2551 http cache stop-iteration-iterator@https://registry.npmjs.org/stop-iteration-iterator/-/stop-iteration-iterator-1.1.0.tgz 0ms (cache hit)
2552 http cache string.prototype.trim@https://registry.npmjs.org/string.prototype.trim/-/string.prototype.trim-1.2.11.tgz 0ms (cache hit)
2553 http cache set-proto@https://registry.npmjs.org/set-proto/-/set-proto-1.0.0.tgz 0ms (cache hit)
2554 http cache safe-push-apply@https://registry.npmjs.org/safe-push-apply/-/safe-push-apply-1.0.0.tgz 0ms (cache hit)
2555 http cache safe-array-concat@https://registry.npmjs.org/safe-array-concat/-/safe-array-concat-1.1.4.tgz 0ms (cache hit)
2556 http cache safe-regex-test@https://registry.npmjs.org/safe-regex-test/-/safe-regex-test-1.1.0.tgz 0ms (cache hit)
2557 http cache own-keys@https://registry.npmjs.org/own-keys/-/own-keys-1.0.2.tgz 0ms (cache hit)
2558 http cache object.assign@https://registry.npmjs.org/object.assign/-/object.assign-4.1.7.tgz 0ms (cache hit)
2559 http cache object-inspect@https://registry.npmjs.org/object-inspect/-/object-inspect-1.13.4.tgz 0ms (cache hit)
2560 http cache regexp.prototype.flags@https://registry.npmjs.org/regexp.prototype.flags/-/regexp.prototype.flags-1.5.4.tgz 0ms (cache hit)
2561 http cache is-typed-array@https://registry.npmjs.org/is-typed-array/-/is-typed-array-1.1.15.tgz 0ms (cache hit)
2562 http cache is-shared-array-buffer@https://registry.npmjs.org/is-shared-array-buffer/-/is-shared-array-buffer-1.0.4.tgz 0ms (cache hit)
2563 http cache is-set@https://registry.npmjs.org/is-set/-/is-set-2.0.3.tgz 0ms (cache hit)
2564 http cache is-data-view@https://registry.npmjs.org/is-data-view/-/is-data-view-1.0.2.tgz 0ms (cache hit)
2565 http cache is-negative-zero@https://registry.npmjs.org/is-negative-zero/-/is-negative-zero-2.0.3.tgz 0ms (cache hit)
2566 http cache is-regex@https://registry.npmjs.org/is-regex/-/is-regex-1.2.1.tgz 0ms (cache hit)
2567 http cache is-callable@https://registry.npmjs.org/is-callable/-/is-callable-1.2.7.tgz 0ms (cache hit)
2568 http cache internal-slot@https://registry.npmjs.org/internal-slot/-/internal-slot-1.1.0.tgz 0ms (cache hit)
2569 http cache is-array-buffer@https://registry.npmjs.org/is-array-buffer/-/is-array-buffer-3.0.5.tgz 0ms (cache hit)
2570 http cache has-symbols@https://registry.npmjs.org/has-symbols/-/has-symbols-1.1.0.tgz 0ms (cache hit)
2571 http cache globalthis@https://registry.npmjs.org/globalthis/-/globalthis-1.0.4.tgz 0ms (cache hit)
2572 http cache has-proto@https://registry.npmjs.org/has-proto/-/has-proto-1.2.0.tgz 0ms (cache hit)
2573 http cache get-symbol-description@https://registry.npmjs.org/get-symbol-description/-/get-symbol-description-1.1.0.tgz 0ms (cache hit)
2574 http cache function.prototype.name@https://registry.npmjs.org/function.prototype.name/-/function.prototype.name-1.2.0.tgz 0ms (cache hit)
2575 http cache get-proto@https://registry.npmjs.org/get-proto/-/get-proto-1.0.1.tgz 0ms (cache hit)
2576 http cache es-to-primitive@https://registry.npmjs.org/es-to-primitive/-/es-to-primitive-1.3.4.tgz 0ms (cache hit)
2577 http cache es-set-tostringtag@https://registry.npmjs.org/es-set-tostringtag/-/es-set-tostringtag-2.1.0.tgz 0ms (cache hit)
2578 http cache data-view-byte-offset@https://registry.npmjs.org/data-view-byte-offset/-/data-view-byte-offset-1.0.1.tgz 0ms (cache hit)
2579 http cache data-view-byte-length@https://registry.npmjs.org/data-view-byte-length/-/data-view-byte-length-1.0.2.tgz 0ms (cache hit)
2580 http cache arraybuffer.prototype.slice@https://registry.npmjs.org/arraybuffer.prototype.slice/-/arraybuffer.prototype.slice-1.0.4.tgz 0ms (cache hit)
2581 http cache data-view-buffer@https://registry.npmjs.org/data-view-buffer/-/data-view-buffer-1.0.2.tgz 0ms (cache hit)
2582 http cache array-buffer-byte-length@https://registry.npmjs.org/array-buffer-byte-length/-/array-buffer-byte-length-1.0.2.tgz 0ms (cache hit)
2583 http cache available-typed-arrays@https://registry.npmjs.org/available-typed-arrays/-/available-typed-arrays-1.0.7.tgz 0ms (cache hit)
2584 http cache gopd@https://registry.npmjs.org/gopd/-/gopd-1.2.0.tgz 0ms (cache hit)
2585 http cache has-property-descriptors@https://registry.npmjs.org/has-property-descriptors/-/has-property-descriptors-1.0.2.tgz 0ms (cache hit)
2586 http cache function-bind@https://registry.npmjs.org/function-bind/-/function-bind-1.1.2.tgz 0ms (cache hit)
2587 http cache object-keys@https://registry.npmjs.org/object-keys/-/object-keys-1.1.1.tgz 0ms (cache hit)
2588 http cache define-data-property@https://registry.npmjs.org/define-data-property/-/define-data-property-1.1.4.tgz 1ms (cache hit)
2589 http cache set-function-length@https://registry.npmjs.org/set-function-length/-/set-function-length-1.2.2.tgz 0ms (cache hit)
2590 http cache get-intrinsic@https://registry.npmjs.org/get-intrinsic/-/get-intrinsic-1.3.0.tgz 0ms (cache hit)
2591 http cache es-define-property@https://registry.npmjs.org/es-define-property/-/es-define-property-1.0.1.tgz 0ms (cache hit)
2592 http cache call-bind-apply-helpers@https://registry.npmjs.org/call-bind-apply-helpers/-/call-bind-apply-helpers-1.0.2.tgz 0ms (cache hit)
2593 http cache is-weakref@https://registry.npmjs.org/is-weakref/-/is-weakref-1.1.1.tgz 0ms (cache hit)
2594 http cache math-intrinsics@https://registry.npmjs.org/math-intrinsics/-/math-intrinsics-1.1.0.tgz 0ms (cache hit)
2595 http cache is-string@https://registry.npmjs.org/is-string/-/is-string-1.1.1.tgz 0ms (cache hit)
2596 http cache es-errors@https://registry.npmjs.org/es-errors/-/es-errors-1.3.0.tgz 0ms (cache hit)
2597 http cache es-abstract@https://registry.npmjs.org/es-abstract/-/es-abstract-1.24.2.tgz 0ms (cache hit)
2598 http cache es-shim-unscopables@https://registry.npmjs.org/es-shim-unscopables/-/es-shim-unscopables-1.1.0.tgz 0ms (cache hit)
2599 http cache es-object-atoms@https://registry.npmjs.org/es-object-atoms/-/es-object-atoms-1.1.2.tgz 0ms (cache hit)
2600 http cache define-properties@https://registry.npmjs.org/define-properties/-/define-properties-1.2.1.tgz 0ms (cache hit)
2601 http cache call-bound@https://registry.npmjs.org/call-bound/-/call-bound-1.0.4.tgz 0ms (cache hit)
2602 http cache call-bind@https://registry.npmjs.org/call-bind/-/call-bind-1.0.9.tgz 0ms (cache hit)
2603 http cache string.prototype.trimend@https://registry.npmjs.org/string.prototype.trimend/-/string.prototype.trimend-1.0.10.tgz 0ms (cache hit)
2604 http cache tsconfig-paths@https://registry.npmjs.org/tsconfig-paths/-/tsconfig-paths-3.15.0.tgz 0ms (cache hit)
2605 http cache semver@https://registry.npmjs.org/semver/-/semver-6.3.1.tgz 0ms (cache hit)
2606 http cache object.values@https://registry.npmjs.org/object.values/-/object.values-1.2.1.tgz 0ms (cache hit)
2607 http cache object.fromentries@https://registry.npmjs.org/object.fromentries/-/object.fromentries-2.0.8.tgz 0ms (cache hit)
2608 http cache object.groupby@https://registry.npmjs.org/object.groupby/-/object.groupby-1.0.3.tgz 0ms (cache hit)
2609 http cache hasown@https://registry.npmjs.org/hasown/-/hasown-2.0.4.tgz 0ms (cache hit)
2610 http cache array.prototype.flatmap@https://registry.npmjs.org/array.prototype.flatmap/-/array.prototype.flatmap-1.3.3.tgz 0ms (cache hit)
2611 http cache eslint-module-utils@https://registry.npmjs.org/eslint-module-utils/-/eslint-module-utils-2.14.0.tgz 0ms (cache hit)
2612 http cache @rtsao/scc@https://registry.npmjs.org/@rtsao/scc/-/scc-1.1.0.tgz 0ms (cache hit)
2613 http cache array.prototype.flat@https://registry.npmjs.org/array.prototype.flat/-/array.prototype.flat-1.3.3.tgz 0ms (cache hit)
2614 http cache array.prototype.findlastindex@https://registry.npmjs.org/array.prototype.findlastindex/-/array.prototype.findlastindex-1.2.6.tgz 0ms (cache hit)
2615 http cache unrs-resolver@https://registry.npmjs.org/unrs-resolver/-/unrs-resolver-1.12.2.tgz 0ms (cache hit)
2616 http cache tinyglobby@https://registry.npmjs.org/tinyglobby/-/tinyglobby-0.2.17.tgz 0ms (cache hit)
2617 http cache doctrine@https://registry.npmjs.org/doctrine/-/doctrine-2.1.0.tgz 0ms (cache hit)
2618 http cache array-includes@https://registry.npmjs.org/array-includes/-/array-includes-3.2.0.tgz 0ms (cache hit)
2619 http cache stable-hash@https://registry.npmjs.org/stable-hash/-/stable-hash-0.0.5.tgz 0ms (cache hit)
2620 http cache is-bun-module@https://registry.npmjs.org/is-bun-module/-/is-bun-module-2.0.0.tgz 0ms (cache hit)
2621 http cache get-tsconfig@https://registry.npmjs.org/get-tsconfig/-/get-tsconfig-4.14.3.tgz 0ms (cache hit)
2622 http cache resolve@https://registry.npmjs.org/resolve/-/resolve-2.0.0-next.7.tgz 0ms (cache hit)
2623 http cache is-core-module@https://registry.npmjs.org/is-core-module/-/is-core-module-2.17.0.tgz 0ms (cache hit)
2624 http cache fast-glob@https://registry.npmjs.org/fast-glob/-/fast-glob-3.3.1.tgz 0ms (cache hit)
2625 http cache @nolyfill/is-core-module@https://registry.npmjs.org/@nolyfill/is-core-module/-/is-core-module-1.0.39.tgz 0ms (cache hit)
2626 http cache typescript-eslint@https://registry.npmjs.org/typescript-eslint/-/typescript-eslint-8.71.0.tgz 0ms (cache hit)
2627 http cache eslint-plugin-react-hooks@https://registry.npmjs.org/eslint-plugin-react-hooks/-/eslint-plugin-react-hooks-7.1.1.tgz 0ms (cache hit)
2628 http cache eslint-plugin-react@https://registry.npmjs.org/eslint-plugin-react/-/eslint-plugin-react-7.37.5.tgz 0ms (cache hit)
2629 http cache eslint-plugin-jsx-a11y@https://registry.npmjs.org/eslint-plugin-jsx-a11y/-/eslint-plugin-jsx-a11y-6.10.2.tgz 0ms (cache hit)
2630 http cache eslint-plugin-import@https://registry.npmjs.org/eslint-plugin-import/-/eslint-plugin-import-2.32.0.tgz 0ms (cache hit)
2631 http cache @next/eslint-plugin-next@https://registry.npmjs.org/@next/eslint-plugin-next/-/eslint-plugin-next-16.3.8.tgz 0ms (cache hit)
2632 http cache eslint-import-resolver-node@https://registry.npmjs.org/eslint-import-resolver-node/-/eslint-import-resolver-node-0.3.10.tgz 0ms (cache hit)
2633 http cache eslint-import-resolver-typescript@https://registry.npmjs.org/eslint-import-resolver-typescript/-/eslint-import-resolver-typescript-3.10.1.tgz 0ms (cache hit)
2634 http cache ms@https://registry.npmjs.org/ms/-/ms-2.1.3.tgz 0ms (cache hit)
2635 http cache which@https://registry.npmjs.org/which/-/which-2.0.2.tgz 0ms (cache hit)
2636 http cache shebang-command@https://registry.npmjs.org/shebang-command/-/shebang-command-2.0.0.tgz 0ms (cache hit)
2637 http cache path-key@https://registry.npmjs.org/path-key/-/path-key-3.1.1.tgz 1ms (cache hit)
2638 http cache color-name@https://registry.npmjs.org/color-name/-/color-name-1.1.4.tgz 0ms (cache hit)
2639 http cache supports-color@https://registry.npmjs.org/supports-color/-/supports-color-7.2.0.tgz 0ms (cache hit)
2640 http cache uri-js@https://registry.npmjs.org/uri-js/-/uri-js-4.4.1.tgz 0ms (cache hit)
2641 http cache color-convert@https://registry.npmjs.org/color-convert/-/color-convert-2.0.1.tgz 0ms (cache hit)
2642 http cache @humanfs/types@https://registry.npmjs.org/@humanfs/types/-/types-0.15.0.tgz 0ms (cache hit)
2643 http cache json-schema-traverse@https://registry.npmjs.org/json-schema-traverse/-/json-schema-traverse-0.4.1.tgz 0ms (cache hit)
2644 http cache fast-json-stable-stringify@https://registry.npmjs.org/fast-json-stable-stringify/-/fast-json-stable-stringify-2.1.0.tgz 0ms (cache hit)
2645 http cache ansi-styles@https://registry.npmjs.org/ansi-styles/-/ansi-styles-4.3.0.tgz 0ms (cache hit)
2646 http cache @humanfs/core@https://registry.npmjs.org/@humanfs/core/-/core-0.19.2.tgz 0ms (cache hit)
2647 http cache levn@https://registry.npmjs.org/levn/-/levn-0.4.1.tgz 0ms (cache hit)
2648 http cache strip-json-comments@https://registry.npmjs.org/strip-json-comments/-/strip-json-comments-3.1.1.tgz 0ms (cache hit)
2649 http cache import-fresh@https://registry.npmjs.org/import-fresh/-/import-fresh-3.3.1.tgz 0ms (cache hit)
2650 http cache @types/json-schema@https://registry.npmjs.org/@types/json-schema/-/json-schema-7.0.15.tgz 0ms (cache hit)
2651 http cache js-yaml@https://registry.npmjs.org/js-yaml/-/js-yaml-4.3.2.tgz 0ms (cache hit)
2652 http cache @eslint/object-schema@https://registry.npmjs.org/@eslint/object-schema/-/object-schema-2.1.7.tgz 0ms (cache hit)
2653 http cache minimatch@https://registry.npmjs.org/minimatch/-/minimatch-3.1.5.tgz 0ms (cache hit)
2654 http cache globals@https://registry.npmjs.org/globals/-/globals-14.0.0.tgz 0ms (cache hit)
2655 http cache optionator@https://registry.npmjs.org/optionator/-/optionator-0.9.4.tgz 0ms (cache hit)
2656 http cache lodash.merge@https://registry.npmjs.org/lodash.merge/-/lodash.merge-4.6.2.tgz 0ms (cache hit)
2657 http cache imurmurhash@https://registry.npmjs.org/imurmurhash/-/imurmurhash-0.1.4.tgz 0ms (cache hit)
2658 http cache natural-compare@https://registry.npmjs.org/natural-compare/-/natural-compare-1.4.0.tgz 0ms (cache hit)
2659 http cache json-stable-stringify-without-jsonify@https://registry.npmjs.org/json-stable-stringify-without-jsonify/-/json-stable-stringify-without-jsonify-1.0.1.tgz 0ms (cache hit)
2660 http cache is-glob@https://registry.npmjs.org/is-glob/-/is-glob-4.0.3.tgz 0ms (cache hit)
2661 http cache ignore@https://registry.npmjs.org/ignore/-/ignore-5.3.2.tgz 0ms (cache hit)
2662 http cache glob-parent@https://registry.npmjs.org/glob-parent/-/glob-parent-6.0.2.tgz 0ms (cache hit)
2663 http cache file-entry-cache@https://registry.npmjs.org/file-entry-cache/-/file-entry-cache-8.0.0.tgz 0ms (cache hit)
2664 http cache find-up@https://registry.npmjs.org/find-up/-/find-up-5.0.0.tgz 0ms (cache hit)
2665 http cache esutils@https://registry.npmjs.org/esutils/-/esutils-2.0.3.tgz 0ms (cache hit)
2666 http cache fast-deep-equal@https://registry.npmjs.org/fast-deep-equal/-/fast-deep-equal-3.1.3.tgz 0ms (cache hit)
2667 http cache esquery@https://registry.npmjs.org/esquery/-/esquery-1.7.0.tgz 0ms (cache hit)
2668 http cache espree@https://registry.npmjs.org/espree/-/espree-10.4.0.tgz 0ms (cache hit)
2669 http cache eslint-visitor-keys@https://registry.npmjs.org/eslint-visitor-keys/-/eslint-visitor-keys-4.2.1.tgz 0ms (cache hit)
2670 http cache escape-string-regexp@https://registry.npmjs.org/escape-string-regexp/-/escape-string-regexp-4.0.0.tgz 0ms (cache hit)
2671 http cache eslint-scope@https://registry.npmjs.org/eslint-scope/-/eslint-scope-8.4.0.tgz 0ms (cache hit)
2672 http cache debug@https://registry.npmjs.org/debug/-/debug-4.4.3.tgz 0ms (cache hit)
2673 http cache chalk@https://registry.npmjs.org/chalk/-/chalk-4.1.2.tgz 0ms (cache hit)
2674 http cache @types/estree@https://registry.npmjs.org/@types/estree/-/estree-1.0.9.tgz 0ms (cache hit)
2675 http cache ajv@https://registry.npmjs.org/ajv/-/ajv-6.15.0.tgz 0ms (cache hit)
2676 http cache @humanwhocodes/retry@https://registry.npmjs.org/@humanwhocodes/retry/-/retry-0.4.3.tgz 0ms (cache hit)
2677 http cache cross-spawn@https://registry.npmjs.org/cross-spawn/-/cross-spawn-7.0.6.tgz 0ms (cache hit)
2678 http cache @humanwhocodes/module-importer@https://registry.npmjs.org/@humanwhocodes/module-importer/-/module-importer-1.0.1.tgz 0ms (cache hit)
2679 http cache @humanfs/node@https://registry.npmjs.org/@humanfs/node/-/node-0.16.8.tgz 0ms (cache hit)
2680 http cache @eslint/plugin-kit@https://registry.npmjs.org/@eslint/plugin-kit/-/plugin-kit-0.4.1.tgz 0ms (cache hit)
2681 http cache @eslint/js@https://registry.npmjs.org/@eslint/js/-/js-9.39.5.tgz 0ms (cache hit)
2682 http cache @eslint-community/regexpp@https://registry.npmjs.org/@eslint-community/regexpp/-/regexpp-4.12.2.tgz 0ms (cache hit)
2683 http cache @eslint/eslintrc@https://registry.npmjs.org/@eslint/eslintrc/-/eslintrc-3.3.7.tgz 0ms (cache hit)
2684 http cache @eslint/config-helpers@https://registry.npmjs.org/@eslint/config-helpers/-/config-helpers-0.4.2.tgz 0ms (cache hit)
2685 http cache @eslint/core@https://registry.npmjs.org/@eslint/core/-/core-0.17.0.tgz 0ms (cache hit)
2686 http cache @eslint-community/eslint-utils@https://registry.npmjs.org/@eslint-community/eslint-utils/-/eslint-utils-4.10.1.tgz 0ms (cache hit)
2687 http cache undici-types@https://registry.npmjs.org/undici-types/-/undici-types-7.24.6.tgz 0ms (cache hit)
2688 http cache @eslint/config-array@https://registry.npmjs.org/@eslint/config-array/-/config-array-0.21.2.tgz 0ms (cache hit)
2689 http cache react-dom@https://registry.npmjs.org/react-dom/-/react-dom-19.3.0.tgz 0ms (cache hit)
2690 http cache csstype@https://registry.npmjs.org/csstype/-/csstype-3.2.3.tgz 0ms (cache hit)
2691 http cache typescript@https://registry.npmjs.org/typescript/-/typescript-5.9.3.tgz 0ms (cache hit)
2692 http cache react@https://registry.npmjs.org/react/-/react-19.3.0.tgz 0ms (cache hit)
2693 http cache next@https://registry.npmjs.org/next/-/next-16.3.8.tgz 0ms (cache hit)
2694 http cache @types/react-dom@https://registry.npmjs.org/@types/react-dom/-/react-dom-19.3.0.tgz 0ms (cache hit)
2695 http cache lucide-react@https://registry.npmjs.org/lucide-react/-/lucide-react-0.577.0.tgz 0ms (cache hit)
2696 http cache @types/react@https://registry.npmjs.org/@types/react/-/react-19.3.0.tgz 0ms (cache hit)
2697 http cache eslint@https://registry.npmjs.org/eslint/-/eslint-9.39.5.tgz 0ms (cache hit)
2698 http cache eslint-visitor-keys@https://registry.npmjs.org/eslint-visitor-keys/-/eslint-visitor-keys-5.0.1.tgz 0ms (cache hit)
2699 http cache eslint-config-next@https://registry.npmjs.org/eslint-config-next/-/eslint-config-next-16.3.8.tgz 0ms (cache hit)
2700 http cache balanced-match@https://registry.npmjs.org/balanced-match/-/balanced-match-4.0.4.tgz 0ms (cache hit)
2701 http cache @types/node@https://registry.npmjs.org/@types/node/-/node-24.19.0.tgz 0ms (cache hit)
2702 http cache json5@https://registry.npmjs.org/json5/-/json5-1.0.2.tgz 0ms (cache hit)
2703 http cache semver@https://registry.npmjs.org/semver/-/semver-7.8.5.tgz 0ms (cache hit)
2704 http cache ignore@https://registry.npmjs.org/ignore/-/ignore-7.0.11.tgz 0ms (cache hit)
2705 http cache brace-expansion@https://registry.npmjs.org/brace-expansion/-/brace-expansion-5.0.12.tgz 0ms (cache hit)
2706 http cache semver@https://registry.npmjs.org/semver/-/semver-7.8.5.tgz 0ms (cache hit)
2707 http cache debug@https://registry.npmjs.org/debug/-/debug-3.2.7.tgz 0ms (cache hit)
2708 http cache minimatch@https://registry.npmjs.org/minimatch/-/minimatch-10.2.6.tgz 0ms (cache hit)
2709 http cache debug@https://registry.npmjs.org/debug/-/debug-3.2.7.tgz 0ms (cache hit)
2710 http cache semver@https://registry.npmjs.org/semver/-/semver-7.8.5.tgz 0ms (cache hit)
2711 http cache fdir@https://registry.npmjs.org/fdir/-/fdir-6.5.0.tgz 0ms (cache hit)
2712 http cache picomatch@https://registry.npmjs.org/picomatch/-/picomatch-4.0.7.tgz 0ms (cache hit)
2713 http cache debug@https://registry.npmjs.org/debug/-/debug-3.2.7.tgz 0ms (cache hit)
2714 http cache glob-parent@https://registry.npmjs.org/glob-parent/-/glob-parent-5.1.2.tgz 0ms (cache hit)
2715 http cache eslint-visitor-keys@https://registry.npmjs.org/eslint-visitor-keys/-/eslint-visitor-keys-3.4.3.tgz 0ms (cache hit)
2716 http cache @eslint-community/eslint-utils@https://registry.npmjs.org/@eslint-community/eslint-utils/-/eslint-utils-4.9.1.tgz 0ms (cache hit)
2717 http cache eslint-visitor-keys@https://registry.npmjs.org/eslint-visitor-keys/-/eslint-visitor-keys-3.4.3.tgz 0ms (cache hit)
2718 http cache globals@https://registry.npmjs.org/globals/-/globals-16.4.0.tgz 0ms (cache hit)
2719 silly tarball no local data for generator-function@https://registry.npmjs.org/generator-function/-/generator-function-2.0.1.tgz. Extracting by manifest.
2720 silly tarball no local data for is-weakmap@https://registry.npmjs.org/is-weakmap/-/is-weakmap-2.0.2.tgz. Extracting by manifest.
2721 silly tarball no local data for is-weakset@https://registry.npmjs.org/is-weakset/-/is-weakset-2.0.4.tgz. Extracting by manifest.
2722 silly tarball no local data for is-map@https://registry.npmjs.org/is-map/-/is-map-2.0.3.tgz. Extracting by manifest.
2723 silly tarball no local data for async-function@https://registry.npmjs.org/async-function/-/async-function-1.0.0.tgz. Extracting by manifest.
2724 silly tarball no local data for is-generator-function@https://registry.npmjs.org/is-generator-function/-/is-generator-function-1.1.2.tgz. Extracting by manifest.
2725 silly tarball no local data for which-collection@https://registry.npmjs.org/which-collection/-/which-collection-1.0.2.tgz. Extracting by manifest.
2726 silly tarball no local data for is-finalizationregistry@https://registry.npmjs.org/is-finalizationregistry/-/is-finalizationregistry-1.1.1.tgz. Extracting by manifest.
2727 silly tarball no local data for is-async-function@https://registry.npmjs.org/is-async-function/-/is-async-function-2.1.1.tgz. Extracting by manifest.
2728 silly tarball no local data for is-number-object@https://registry.npmjs.org/is-number-object/-/is-number-object-1.1.1.tgz. Extracting by manifest.
2729 silly tarball no local data for is-boolean-object@https://registry.npmjs.org/is-boolean-object/-/is-boolean-object-1.2.2.tgz. Extracting by manifest.
2730 silly tarball no local data for is-bigint@https://registry.npmjs.org/is-bigint/-/is-bigint-1.1.0.tgz. Extracting by manifest.
2731 silly tarball no local data for punycode@https://registry.npmjs.org/punycode/-/punycode-2.3.1.tgz. Extracting by manifest.
2732 silly tarball no local data for escalade@https://registry.npmjs.org/escalade/-/escalade-3.2.0.tgz. Extracting by manifest.
2733 silly tarball no local data for isexe@https://registry.npmjs.org/isexe/-/isexe-2.0.0.tgz. Extracting by manifest.
2734 silly tarball no local data for napi-postinstall@https://registry.npmjs.org/napi-postinstall/-/napi-postinstall-0.3.4.tgz. Extracting by manifest.
2735 silly tarball no local data for has-bigints@https://registry.npmjs.org/has-bigints/-/has-bigints-1.1.0.tgz. Extracting by manifest.
2736 silly tarball no local data for @unrs/resolver-binding-win32-x64-msvc@https://registry.npmjs.org/@unrs/resolver-binding-win32-x64-msvc/-/resolver-binding-win32-x64-msvc-1.12.2.tgz. Extracting by manifest.
2737 silly tarball no local data for ts-api-utils@https://registry.npmjs.org/ts-api-utils/-/ts-api-utils-2.5.0.tgz. Extracting by manifest.
2738 silly tarball no local data for which-boxed-primitive@https://registry.npmjs.org/which-boxed-primitive/-/which-boxed-primitive-1.1.1.tgz. Extracting by manifest.
2739 silly tarball no local data for @typescript-eslint/tsconfig-utils@https://registry.npmjs.org/@typescript-eslint/tsconfig-utils/-/tsconfig-utils-8.71.0.tgz. Extracting by manifest.
2740 silly tarball no local data for @typescript-eslint/project-service@https://registry.npmjs.org/@typescript-eslint/project-service/-/project-service-8.71.0.tgz. Extracting by manifest.
2741 silly tarball no local data for @typescript-eslint/types@https://registry.npmjs.org/@typescript-eslint/types/-/types-8.71.0.tgz. Extracting by manifest.
2742 silly tarball no local data for @typescript-eslint/visitor-keys@https://registry.npmjs.org/@typescript-eslint/visitor-keys/-/visitor-keys-8.71.0.tgz. Extracting by manifest.
2743 silly tarball no local data for @typescript-eslint/type-utils@https://registry.npmjs.org/@typescript-eslint/type-utils/-/type-utils-8.71.0.tgz. Extracting by manifest.
2744 silly tarball no local data for @typescript-eslint/scope-manager@https://registry.npmjs.org/@typescript-eslint/scope-manager/-/scope-manager-8.71.0.tgz. Extracting by manifest.
2745 silly tarball no local data for which-builtin-type@https://registry.npmjs.org/which-builtin-type/-/which-builtin-type-1.2.1.tgz. Extracting by manifest.
2746 silly tarball no local data for @typescript-eslint/utils@https://registry.npmjs.org/@typescript-eslint/utils/-/utils-8.71.0.tgz. Extracting by manifest.
2747 silly tarball no local data for for-each@https://registry.npmjs.org/for-each/-/for-each-0.3.5.tgz. Extracting by manifest.
2748 silly tarball no local data for strip-bom@https://registry.npmjs.org/strip-bom/-/strip-bom-3.0.0.tgz. Extracting by manifest.
2749 silly tarball no local data for @typescript-eslint/typescript-estree@https://registry.npmjs.org/@typescript-eslint/typescript-estree/-/typescript-estree-8.71.0.tgz. Extracting by manifest.
2750 silly tarball no local data for @typescript-eslint/parser@https://registry.npmjs.org/@typescript-eslint/parser/-/parser-8.71.0.tgz. Extracting by manifest.
2751 silly tarball no local data for @typescript-eslint/eslint-plugin@https://registry.npmjs.org/@typescript-eslint/eslint-plugin/-/eslint-plugin-8.71.0.tgz. Extracting by manifest.
2752 silly tarball no local data for @types/json5@https://registry.npmjs.org/@types/json5/-/json5-0.0.29.tgz. Extracting by manifest.
2753 silly tarball no local data for minimist@https://registry.npmjs.org/minimist/-/minimist-1.2.8.tgz. Extracting by manifest.
2754 silly tarball no local data for reflect.getprototypeof@https://registry.npmjs.org/reflect.getprototypeof/-/reflect.getprototypeof-1.0.10.tgz. Extracting by manifest.
2755 silly tarball no local data for is-number@https://registry.npmjs.org/is-number/-/is-number-7.0.0.tgz. Extracting by manifest.
2756 silly tarball no local data for has-flag@https://registry.npmjs.org/has-flag/-/has-flag-4.0.0.tgz. Extracting by manifest.
2757 silly tarball no local data for side-channel-weakmap@https://registry.npmjs.org/side-channel-weakmap/-/side-channel-weakmap-1.0.2.tgz. Extracting by manifest.
2758 silly tarball no local data for client-only@https://registry.npmjs.org/client-only/-/client-only-0.0.1.tgz. Extracting by manifest.
2759 silly tarball no local data for side-channel-list@https://registry.npmjs.org/side-channel-list/-/side-channel-list-1.0.1.tgz. Extracting by manifest.
2760 silly tarball no local data for side-channel-map@https://registry.npmjs.org/side-channel-map/-/side-channel-map-1.0.1.tgz. Extracting by manifest.
2761 silly tarball no local data for @img/sharp-win32-x64@https://registry.npmjs.org/@img/sharp-win32-x64/-/sharp-win32-x64-0.35.5.tgz. Extracting by manifest.
2762 silly tarball no local data for shebang-regex@https://registry.npmjs.org/shebang-regex/-/shebang-regex-3.0.0.tgz. Extracting by manifest.
2763 silly tarball no local data for detect-libc@https://registry.npmjs.org/detect-libc/-/detect-libc-2.1.2.tgz. Extracting by manifest.
2764 silly tarball no local data for @img/colour@https://registry.npmjs.org/@img/colour/-/colour-1.1.0.tgz. Extracting by manifest.
2765 silly tarball no local data for isarray@https://registry.npmjs.org/isarray/-/isarray-2.0.5.tgz. Extracting by manifest.
2766 silly tarball no local data for queue-microtask@https://registry.npmjs.org/queue-microtask/-/queue-microtask-1.2.3.tgz. Extracting by manifest.
2767 silly tarball no local data for supports-preserve-symlinks-flag@https://registry.npmjs.org/supports-preserve-symlinks-flag/-/supports-preserve-symlinks-flag-1.0.0.tgz. Extracting by manifest.
2768 silly tarball no local data for path-parse@https://registry.npmjs.org/path-parse/-/path-parse-1.0.7.tgz. Extracting by manifest.
2769 silly tarball no local data for node-exports-info@https://registry.npmjs.org/node-exports-info/-/node-exports-info-1.6.2.tgz. Extracting by manifest.
2770 silly tarball no local data for scheduler@https://registry.npmjs.org/scheduler/-/scheduler-0.28.0.tgz. Extracting by manifest.
2771 silly tarball no local data for react-is@https://registry.npmjs.org/react-is/-/react-is-16.13.1.tgz. Extracting by manifest.
2772 silly tarball no local data for object-assign@https://registry.npmjs.org/object-assign/-/object-assign-4.1.1.tgz. Extracting by manifest.
2773 silly tarball no local data for nanoid@https://registry.npmjs.org/nanoid/-/nanoid-3.3.19.tgz. Extracting by manifest.
2774 silly tarball no local data for loose-envify@https://registry.npmjs.org/loose-envify/-/loose-envify-1.4.0.tgz. Extracting by manifest.
2775 silly tarball no local data for source-map-js@https://registry.npmjs.org/source-map-js/-/source-map-js-1.2.2.tgz. Extracting by manifest.
2776 silly tarball no local data for callsites@https://registry.npmjs.org/callsites/-/callsites-3.1.0.tgz. Extracting by manifest.
2777 silly tarball no local data for yocto-queue@https://registry.npmjs.org/yocto-queue/-/yocto-queue-0.1.0.tgz. Extracting by manifest.
2778 silly tarball no local data for word-wrap@https://registry.npmjs.org/word-wrap/-/word-wrap-1.2.5.tgz. Extracting by manifest.
2779 silly tarball no local data for p-limit@https://registry.npmjs.org/p-limit/-/p-limit-3.1.0.tgz. Extracting by manifest.
2780 silly tarball no local data for fast-levenshtein@https://registry.npmjs.org/fast-levenshtein/-/fast-levenshtein-2.0.6.tgz. Extracting by manifest.
2781 silly tarball no local data for styled-jsx@https://registry.npmjs.org/styled-jsx/-/styled-jsx-5.1.6.tgz. Extracting by manifest.
2782 silly tarball no local data for sharp@https://registry.npmjs.org/sharp/-/sharp-0.35.5.tgz. Extracting by manifest.
2783 silly tarball no local data for deep-is@https://registry.npmjs.org/deep-is/-/deep-is-0.1.4.tgz. Extracting by manifest.
2784 silly tarball no local data for tslib@https://registry.npmjs.org/tslib/-/tslib-2.8.1.tgz. Extracting by manifest.
2785 silly tarball no local data for @swc/helpers@https://registry.npmjs.org/@swc/helpers/-/helpers-0.5.23.tgz. Extracting by manifest.
2786 silly tarball no local data for @next/swc-win32-x64-msvc@https://registry.npmjs.org/@next/swc-win32-x64-msvc/-/swc-win32-x64-msvc-16.3.8.tgz. Extracting by manifest.
2787 silly tarball no local data for @next/env@https://registry.npmjs.org/@next/env/-/env-16.3.8.tgz. Extracting by manifest.
2788 silly tarball no local data for to-regex-range@https://registry.npmjs.org/to-regex-range/-/to-regex-range-5.0.1.tgz. Extracting by manifest.
2789 silly tarball no local data for balanced-match@https://registry.npmjs.org/balanced-match/-/balanced-match-1.0.2.tgz. Extracting by manifest.
2790 silly tarball no local data for concat-map@https://registry.npmjs.org/concat-map/-/concat-map-0.0.1.tgz. Extracting by manifest.
2791 silly tarball no local data for postcss@https://registry.npmjs.org/postcss/-/postcss-8.5.23.tgz. Extracting by manifest.
2792 silly tarball no local data for fill-range@https://registry.npmjs.org/fill-range/-/fill-range-7.1.1.tgz. Extracting by manifest.
2793 silly tarball no local data for brace-expansion@https://registry.npmjs.org/brace-expansion/-/brace-expansion-1.1.21.tgz. Extracting by manifest.
2794 silly tarball no local data for picomatch@https://registry.npmjs.org/picomatch/-/picomatch-2.3.2.tgz. Extracting by manifest.
2795 silly tarball no local data for braces@https://registry.npmjs.org/braces/-/braces-3.0.3.tgz. Extracting by manifest.
2796 silly tarball no local data for yallist@https://registry.npmjs.org/yallist/-/yallist-3.1.1.tgz. Extracting by manifest.
2797 silly tarball no local data for p-locate@https://registry.npmjs.org/p-locate/-/p-locate-5.0.0.tgz. Extracting by manifest.
2798 silly tarball no local data for type-check@https://registry.npmjs.org/type-check/-/type-check-0.4.0.tgz. Extracting by manifest.
2799 silly tarball no local data for language-subtag-registry@https://registry.npmjs.org/language-subtag-registry/-/language-subtag-registry-0.3.23.tgz. Extracting by manifest.
2800 silly tarball no local data for prelude-ls@https://registry.npmjs.org/prelude-ls/-/prelude-ls-1.2.1.tgz. Extracting by manifest.
2801 silly tarball no local data for json-buffer@https://registry.npmjs.org/json-buffer/-/json-buffer-3.0.1.tgz. Extracting by manifest.
2802 silly tarball no local data for argparse@https://registry.npmjs.org/argparse/-/argparse-2.0.1.tgz. Extracting by manifest.
2803 silly tarball no local data for set-function-name@https://registry.npmjs.org/set-function-name/-/set-function-name-2.0.2.tgz. Extracting by manifest.
2804 silly tarball no local data for is-extglob@https://registry.npmjs.org/is-extglob/-/is-extglob-2.1.1.tgz. Extracting by manifest.
2805 silly tarball no local data for side-channel@https://registry.npmjs.org/side-channel/-/side-channel-1.1.1.tgz. Extracting by manifest.
2806 silly tarball no local data for resolve-from@https://registry.npmjs.org/resolve-from/-/resolve-from-4.0.0.tgz. Extracting by manifest.
2807 silly tarball no local data for hermes-estree@https://registry.npmjs.org/hermes-estree/-/hermes-estree-0.25.1.tgz. Extracting by manifest.
2808 silly tarball no local data for resolve-pkg-maps@https://registry.npmjs.org/resolve-pkg-maps/-/resolve-pkg-maps-1.0.0.tgz. Extracting by manifest.
2809 silly tarball no local data for dunder-proto@https://registry.npmjs.org/dunder-proto/-/dunder-proto-1.0.1.tgz. Extracting by manifest.
2810 silly tarball no local data for is-document.all@https://registry.npmjs.org/is-document.all/-/is-document.all-1.0.0.tgz. Extracting by manifest.
2811 silly tarball no local data for parent-module@https://registry.npmjs.org/parent-module/-/parent-module-1.0.1.tgz. Extracting by manifest.
2812 silly tarball no local data for functions-have-names@https://registry.npmjs.org/functions-have-names/-/functions-have-names-1.2.3.tgz. Extracting by manifest.
2813 silly tarball no local data for keyv@https://registry.npmjs.org/keyv/-/keyv-4.5.4.tgz. Extracting by manifest.
2814 silly tarball no local data for path-exists@https://registry.npmjs.org/path-exists/-/path-exists-4.0.0.tgz. Extracting by manifest.
2815 silly tarball no local data for locate-path@https://registry.npmjs.org/locate-path/-/locate-path-6.0.0.tgz. Extracting by manifest.
2816 silly tarball no local data for flat-cache@https://registry.npmjs.org/flat-cache/-/flat-cache-4.0.1.tgz. Extracting by manifest.
2817 silly tarball no local data for flatted@https://registry.npmjs.org/flatted/-/flatted-3.4.4.tgz. Extracting by manifest.
2818 silly tarball no local data for @nodelib/fs.scandir@https://registry.npmjs.org/@nodelib/fs.scandir/-/fs.scandir-2.1.5.tgz. Extracting by manifest.
2819 silly tarball no local data for reusify@https://registry.npmjs.org/reusify/-/reusify-1.1.0.tgz. Extracting by manifest.
2820 silly tarball no local data for run-parallel@https://registry.npmjs.org/run-parallel/-/run-parallel-1.2.0.tgz. Extracting by manifest.
2821 silly tarball no local data for fastq@https://registry.npmjs.org/fastq/-/fastq-1.20.3.tgz. Extracting by manifest.
2822 silly tarball no local data for @nodelib/fs.walk@https://registry.npmjs.org/@nodelib/fs.walk/-/fs.walk-1.2.8.tgz. Extracting by manifest.
2823 silly tarball no local data for @nodelib/fs.stat@https://registry.npmjs.org/@nodelib/fs.stat/-/fs.stat-2.0.5.tgz. Extracting by manifest.
2824 silly tarball no local data for merge2@https://registry.npmjs.org/merge2/-/merge2-1.4.1.tgz. Extracting by manifest.
2825 silly tarball no local data for micromatch@https://registry.npmjs.org/micromatch/-/micromatch-4.0.8.tgz. Extracting by manifest.
2826 silly tarball no local data for acorn-jsx@https://registry.npmjs.org/acorn-jsx/-/acorn-jsx-5.3.2.tgz. Extracting by manifest.
2827 silly tarball no local data for acorn@https://registry.npmjs.org/acorn/-/acorn-8.18.0.tgz. Extracting by manifest.
2828 silly tarball no local data for esrecurse@https://registry.npmjs.org/esrecurse/-/esrecurse-4.3.0.tgz. Extracting by manifest.
2829 silly tarball no local data for update-browserslist-db@https://registry.npmjs.org/update-browserslist-db/-/update-browserslist-db-1.3.3.tgz. Extracting by manifest.
2830 silly tarball no local data for electron-to-chromium@https://registry.npmjs.org/electron-to-chromium/-/electron-to-chromium-1.5.443.tgz. Extracting by manifest.
2831 silly tarball no local data for node-releases@https://registry.npmjs.org/node-releases/-/node-releases-2.0.57.tgz. Extracting by manifest.
2832 silly tarball no local data for caniuse-lite@https://registry.npmjs.org/caniuse-lite/-/caniuse-lite-1.0.30001814.tgz. Extracting by manifest.
2833 silly tarball no local data for @jridgewell/resolve-uri@https://registry.npmjs.org/@jridgewell/resolve-uri/-/resolve-uri-3.1.2.tgz. Extracting by manifest.
2834 silly tarball no local data for @jridgewell/sourcemap-codec@https://registry.npmjs.org/@jridgewell/sourcemap-codec/-/sourcemap-codec-1.6.0.tgz. Extracting by manifest.
2835 silly tarball no local data for baseline-browser-mapping@https://registry.npmjs.org/baseline-browser-mapping/-/baseline-browser-mapping-2.11.26.tgz. Extracting by manifest.
2836 silly tarball no local data for lru-cache@https://registry.npmjs.org/lru-cache/-/lru-cache-5.1.1.tgz. Extracting by manifest.
2837 silly tarball no local data for browserslist@https://registry.npmjs.org/browserslist/-/browserslist-4.29.3.tgz. Extracting by manifest.
2838 silly tarball no local data for @babel/helper-globals@https://registry.npmjs.org/@babel/helper-globals/-/helper-globals-7.29.7.tgz. Extracting by manifest.
2839 silly tarball no local data for jsesc@https://registry.npmjs.org/jsesc/-/jsesc-3.1.0.tgz. Extracting by manifest.
2840 silly tarball no local data for @babel/helper-string-parser@https://registry.npmjs.org/@babel/helper-string-parser/-/helper-string-parser-7.29.7.tgz. Extracting by manifest.
2841 silly tarball no local data for @babel/helper-module-imports@https://registry.npmjs.org/@babel/helper-module-imports/-/helper-module-imports-7.29.7.tgz. Extracting by manifest.
2842 silly tarball no local data for @babel/compat-data@https://registry.npmjs.org/@babel/compat-data/-/compat-data-7.29.7.tgz. Extracting by manifest.
2843 silly tarball no local data for @babel/helper-validator-option@https://registry.npmjs.org/@babel/helper-validator-option/-/helper-validator-option-7.29.7.tgz. Extracting by manifest.
2844 silly tarball no local data for @jridgewell/trace-mapping@https://registry.npmjs.org/@jridgewell/trace-mapping/-/trace-mapping-0.3.31.tgz. Extracting by manifest.
2845 silly tarball no local data for @jridgewell/gen-mapping@https://registry.npmjs.org/@jridgewell/gen-mapping/-/gen-mapping-0.3.13.tgz. Extracting by manifest.
2846 silly tarball no local data for js-tokens@https://registry.npmjs.org/js-tokens/-/js-tokens-4.0.0.tgz. Extracting by manifest.
2847 silly tarball no local data for picocolors@https://registry.npmjs.org/picocolors/-/picocolors-1.1.1.tgz. Extracting by manifest.
2848 silly tarball no local data for @jridgewell/remapping@https://registry.npmjs.org/@jridgewell/remapping/-/remapping-2.3.5.tgz. Extracting by manifest.
2849 silly tarball no local data for gensync@https://registry.npmjs.org/gensync/-/gensync-1.0.0-beta.2.tgz. Extracting by manifest.
2850 silly tarball no local data for @babel/traverse@https://registry.npmjs.org/@babel/traverse/-/traverse-7.29.8.tgz. Extracting by manifest.
2851 silly tarball no local data for @babel/types@https://registry.npmjs.org/@babel/types/-/types-7.29.8.tgz. Extracting by manifest.
2852 silly tarball no local data for json5@https://registry.npmjs.org/json5/-/json5-2.2.3.tgz. Extracting by manifest.
2853 silly tarball no local data for convert-source-map@https://registry.npmjs.org/convert-source-map/-/convert-source-map-2.0.0.tgz. Extracting by manifest.
2854 silly tarball no local data for @babel/helpers@https://registry.npmjs.org/@babel/helpers/-/helpers-7.29.7.tgz. Extracting by manifest.
2855 silly tarball no local data for @babel/template@https://registry.npmjs.org/@babel/template/-/template-7.29.7.tgz. Extracting by manifest.
2856 silly tarball no local data for @babel/helper-module-transforms@https://registry.npmjs.org/@babel/helper-module-transforms/-/helper-module-transforms-7.29.7.tgz. Extracting by manifest.
2857 silly tarball no local data for @babel/generator@https://registry.npmjs.org/@babel/generator/-/generator-7.29.8.tgz. Extracting by manifest.
2858 silly tarball no local data for @babel/code-frame@https://registry.npmjs.org/@babel/code-frame/-/code-frame-7.29.7.tgz. Extracting by manifest.
2859 silly tarball no local data for @babel/helper-validator-identifier@https://registry.npmjs.org/@babel/helper-validator-identifier/-/helper-validator-identifier-7.29.7.tgz. Extracting by manifest.
2860 silly tarball no local data for @babel/parser@https://registry.npmjs.org/@babel/parser/-/parser-7.29.9.tgz. Extracting by manifest.
2861 silly tarball no local data for @babel/core@https://registry.npmjs.org/@babel/core/-/core-7.29.7.tgz. Extracting by manifest.
2862 silly tarball no local data for zod-validation-error@https://registry.npmjs.org/zod-validation-error/-/zod-validation-error-4.0.2.tgz. Extracting by manifest.
2863 silly tarball no local data for zod@https://registry.npmjs.org/zod/-/zod-4.6.5.tgz. Extracting by manifest.
2864 silly tarball no local data for @babel/helper-compilation-targets@https://registry.npmjs.org/@babel/helper-compilation-targets/-/helper-compilation-targets-7.29.7.tgz. Extracting by manifest.
2865 silly tarball no local data for iterator.prototype@https://registry.npmjs.org/iterator.prototype/-/iterator.prototype-1.1.5.tgz. Extracting by manifest.
2866 silly tarball no local data for string.prototype.repeat@https://registry.npmjs.org/string.prototype.repeat/-/string.prototype.repeat-1.0.0.tgz. Extracting by manifest.
2867 silly tarball no local data for hermes-parser@https://registry.npmjs.org/hermes-parser/-/hermes-parser-0.25.1.tgz. Extracting by manifest.
2868 silly tarball no local data for estraverse@https://registry.npmjs.org/estraverse/-/estraverse-5.3.0.tgz. Extracting by manifest.
2869 silly tarball no local data for es-iterator-helpers@https://registry.npmjs.org/es-iterator-helpers/-/es-iterator-helpers-1.4.0.tgz. Extracting by manifest.
2870 silly tarball no local data for string.prototype.matchall@https://registry.npmjs.org/string.prototype.matchall/-/string.prototype.matchall-4.1.0.tgz. Extracting by manifest.
2871 silly tarball no local data for prop-types@https://registry.npmjs.org/prop-types/-/prop-types-15.8.1.tgz. Extracting by manifest.
2872 silly tarball no local data for object.entries@https://registry.npmjs.org/object.entries/-/object.entries-1.1.9.tgz. Extracting by manifest.
2873 silly tarball no local data for array.prototype.tosorted@https://registry.npmjs.org/array.prototype.tosorted/-/array.prototype.tosorted-1.1.4.tgz. Extracting by manifest.
2874 silly tarball no local data for string.prototype.includes@https://registry.npmjs.org/string.prototype.includes/-/string.prototype.includes-2.0.1.tgz. Extracting by manifest.
2875 silly tarball no local data for array.prototype.findlast@https://registry.npmjs.org/array.prototype.findlast/-/array.prototype.findlast-1.2.5.tgz. Extracting by manifest.
2876 silly tarball no local data for language-tags@https://registry.npmjs.org/language-tags/-/language-tags-1.0.9.tgz. Extracting by manifest.
2877 silly tarball no local data for emoji-regex@https://registry.npmjs.org/emoji-regex/-/emoji-regex-9.2.2.tgz. Extracting by manifest.
2878 silly tarball no local data for jsx-ast-utils@https://registry.npmjs.org/jsx-ast-utils/-/jsx-ast-utils-3.3.5.tgz. Extracting by manifest.
2879 silly tarball no local data for axobject-query@https://registry.npmjs.org/axobject-query/-/axobject-query-4.1.0.tgz. Extracting by manifest.
2880 silly tarball no local data for axe-core@https://registry.npmjs.org/axe-core/-/axe-core-4.13.0.tgz. Extracting by manifest.
2881 silly tarball no local data for aria-query@https://registry.npmjs.org/aria-query/-/aria-query-5.3.2.tgz. Extracting by manifest.
2882 silly tarball no local data for is-date-object@https://registry.npmjs.org/is-date-object/-/is-date-object-1.1.0.tgz. Extracting by manifest.
2883 silly tarball no local data for ast-types-flow@https://registry.npmjs.org/ast-types-flow/-/ast-types-flow-0.0.8.tgz. Extracting by manifest.
2884 silly tarball no local data for is-symbol@https://registry.npmjs.org/is-symbol/-/is-symbol-1.1.1.tgz. Extracting by manifest.
2885 silly tarball no local data for damerau-levenshtein@https://registry.npmjs.org/damerau-levenshtein/-/damerau-levenshtein-1.0.8.tgz. Extracting by manifest.
2886 silly tarball no local data for has-tostringtag@https://registry.npmjs.org/has-tostringtag/-/has-tostringtag-1.0.2.tgz. Extracting by manifest.
2887 silly tarball no local data for es-abstract-get@https://registry.npmjs.org/es-abstract-get/-/es-abstract-get-1.0.0.tgz. Extracting by manifest.
2888 silly tarball no local data for possible-typed-array-names@https://registry.npmjs.org/possible-typed-array-names/-/possible-typed-array-names-1.1.0.tgz. Extracting by manifest.
2889 silly tarball no local data for unbox-primitive@https://registry.npmjs.org/unbox-primitive/-/unbox-primitive-1.1.0.tgz. Extracting by manifest.
2890 silly tarball no local data for typed-array-length@https://registry.npmjs.org/typed-array-length/-/typed-array-length-1.0.8.tgz. Extracting by manifest.
2891 silly tarball no local data for which-typed-array@https://registry.npmjs.org/which-typed-array/-/which-typed-array-1.1.24.tgz. Extracting by manifest.
2892 silly tarball no local data for typed-array-byte-offset@https://registry.npmjs.org/typed-array-byte-offset/-/typed-array-byte-offset-1.0.5.tgz. Extracting by manifest.
2893 silly tarball no local data for typed-array-byte-length@https://registry.npmjs.org/typed-array-byte-length/-/typed-array-byte-length-1.0.3.tgz. Extracting by manifest.
2894 silly tarball no local data for typed-array-buffer@https://registry.npmjs.org/typed-array-buffer/-/typed-array-buffer-1.0.3.tgz. Extracting by manifest.
2895 silly tarball no local data for string.prototype.trimstart@https://registry.npmjs.org/string.prototype.trimstart/-/string.prototype.trimstart-1.0.8.tgz. Extracting by manifest.
2896 silly tarball no local data for stop-iteration-iterator@https://registry.npmjs.org/stop-iteration-iterator/-/stop-iteration-iterator-1.1.0.tgz. Extracting by manifest.
2897 silly tarball no local data for string.prototype.trim@https://registry.npmjs.org/string.prototype.trim/-/string.prototype.trim-1.2.11.tgz. Extracting by manifest.
2898 silly tarball no local data for set-proto@https://registry.npmjs.org/set-proto/-/set-proto-1.0.0.tgz. Extracting by manifest.
2899 silly tarball no local data for safe-push-apply@https://registry.npmjs.org/safe-push-apply/-/safe-push-apply-1.0.0.tgz. Extracting by manifest.
2900 silly tarball no local data for safe-array-concat@https://registry.npmjs.org/safe-array-concat/-/safe-array-concat-1.1.4.tgz. Extracting by manifest.
2901 silly tarball no local data for safe-regex-test@https://registry.npmjs.org/safe-regex-test/-/safe-regex-test-1.1.0.tgz. Extracting by manifest.
2902 silly tarball no local data for own-keys@https://registry.npmjs.org/own-keys/-/own-keys-1.0.2.tgz. Extracting by manifest.
2903 silly tarball no local data for object.assign@https://registry.npmjs.org/object.assign/-/object.assign-4.1.7.tgz. Extracting by manifest.
2904 silly tarball no local data for object-inspect@https://registry.npmjs.org/object-inspect/-/object-inspect-1.13.4.tgz. Extracting by manifest.
2905 silly tarball no local data for regexp.prototype.flags@https://registry.npmjs.org/regexp.prototype.flags/-/regexp.prototype.flags-1.5.4.tgz. Extracting by manifest.
2906 silly tarball no local data for is-typed-array@https://registry.npmjs.org/is-typed-array/-/is-typed-array-1.1.15.tgz. Extracting by manifest.
2907 silly tarball no local data for is-shared-array-buffer@https://registry.npmjs.org/is-shared-array-buffer/-/is-shared-array-buffer-1.0.4.tgz. Extracting by manifest.
2908 silly tarball no local data for is-set@https://registry.npmjs.org/is-set/-/is-set-2.0.3.tgz. Extracting by manifest.
2909 silly tarball no local data for is-data-view@https://registry.npmjs.org/is-data-view/-/is-data-view-1.0.2.tgz. Extracting by manifest.
2910 silly tarball no local data for is-negative-zero@https://registry.npmjs.org/is-negative-zero/-/is-negative-zero-2.0.3.tgz. Extracting by manifest.
2911 silly tarball no local data for is-regex@https://registry.npmjs.org/is-regex/-/is-regex-1.2.1.tgz. Extracting by manifest.
2912 silly tarball no local data for is-callable@https://registry.npmjs.org/is-callable/-/is-callable-1.2.7.tgz. Extracting by manifest.
2913 silly tarball no local data for internal-slot@https://registry.npmjs.org/internal-slot/-/internal-slot-1.1.0.tgz. Extracting by manifest.
2914 silly tarball no local data for is-array-buffer@https://registry.npmjs.org/is-array-buffer/-/is-array-buffer-3.0.5.tgz. Extracting by manifest.
2915 silly tarball no local data for has-symbols@https://registry.npmjs.org/has-symbols/-/has-symbols-1.1.0.tgz. Extracting by manifest.
2916 silly tarball no local data for globalthis@https://registry.npmjs.org/globalthis/-/globalthis-1.0.4.tgz. Extracting by manifest.
2917 silly tarball no local data for has-proto@https://registry.npmjs.org/has-proto/-/has-proto-1.2.0.tgz. Extracting by manifest.
2918 silly tarball no local data for get-symbol-description@https://registry.npmjs.org/get-symbol-description/-/get-symbol-description-1.1.0.tgz. Extracting by manifest.
2919 silly tarball no local data for function.prototype.name@https://registry.npmjs.org/function.prototype.name/-/function.prototype.name-1.2.0.tgz. Extracting by manifest.
2920 silly tarball no local data for get-proto@https://registry.npmjs.org/get-proto/-/get-proto-1.0.1.tgz. Extracting by manifest.
2921 silly tarball no local data for es-to-primitive@https://registry.npmjs.org/es-to-primitive/-/es-to-primitive-1.3.4.tgz. Extracting by manifest.
2922 silly tarball no local data for es-set-tostringtag@https://registry.npmjs.org/es-set-tostringtag/-/es-set-tostringtag-2.1.0.tgz. Extracting by manifest.
2923 silly tarball no local data for data-view-byte-offset@https://registry.npmjs.org/data-view-byte-offset/-/data-view-byte-offset-1.0.1.tgz. Extracting by manifest.
2924 silly tarball no local data for data-view-byte-length@https://registry.npmjs.org/data-view-byte-length/-/data-view-byte-length-1.0.2.tgz. Extracting by manifest.
2925 silly tarball no local data for arraybuffer.prototype.slice@https://registry.npmjs.org/arraybuffer.prototype.slice/-/arraybuffer.prototype.slice-1.0.4.tgz. Extracting by manifest.
2926 silly tarball no local data for data-view-buffer@https://registry.npmjs.org/data-view-buffer/-/data-view-buffer-1.0.2.tgz. Extracting by manifest.
2927 silly tarball no local data for array-buffer-byte-length@https://registry.npmjs.org/array-buffer-byte-length/-/array-buffer-byte-length-1.0.2.tgz. Extracting by manifest.
2928 silly tarball no local data for available-typed-arrays@https://registry.npmjs.org/available-typed-arrays/-/available-typed-arrays-1.0.7.tgz. Extracting by manifest.
2929 silly tarball no local data for gopd@https://registry.npmjs.org/gopd/-/gopd-1.2.0.tgz. Extracting by manifest.
2930 silly tarball no local data for has-property-descriptors@https://registry.npmjs.org/has-property-descriptors/-/has-property-descriptors-1.0.2.tgz. Extracting by manifest.
2931 silly tarball no local data for function-bind@https://registry.npmjs.org/function-bind/-/function-bind-1.1.2.tgz. Extracting by manifest.
2932 silly tarball no local data for object-keys@https://registry.npmjs.org/object-keys/-/object-keys-1.1.1.tgz. Extracting by manifest.
2933 silly tarball no local data for define-data-property@https://registry.npmjs.org/define-data-property/-/define-data-property-1.1.4.tgz. Extracting by manifest.
2934 silly tarball no local data for set-function-length@https://registry.npmjs.org/set-function-length/-/set-function-length-1.2.2.tgz. Extracting by manifest.
2935 silly tarball no local data for get-intrinsic@https://registry.npmjs.org/get-intrinsic/-/get-intrinsic-1.3.0.tgz. Extracting by manifest.
2936 silly tarball no local data for es-define-property@https://registry.npmjs.org/es-define-property/-/es-define-property-1.0.1.tgz. Extracting by manifest.
2937 silly tarball no local data for call-bind-apply-helpers@https://registry.npmjs.org/call-bind-apply-helpers/-/call-bind-apply-helpers-1.0.2.tgz. Extracting by manifest.
2938 silly tarball no local data for is-weakref@https://registry.npmjs.org/is-weakref/-/is-weakref-1.1.1.tgz. Extracting by manifest.
2939 silly tarball no local data for math-intrinsics@https://registry.npmjs.org/math-intrinsics/-/math-intrinsics-1.1.0.tgz. Extracting by manifest.
2940 silly tarball no local data for is-string@https://registry.npmjs.org/is-string/-/is-string-1.1.1.tgz. Extracting by manifest.
2941 silly tarball no local data for es-errors@https://registry.npmjs.org/es-errors/-/es-errors-1.3.0.tgz. Extracting by manifest.
2942 silly tarball no local data for es-abstract@https://registry.npmjs.org/es-abstract/-/es-abstract-1.24.2.tgz. Extracting by manifest.
2943 silly tarball no local data for es-shim-unscopables@https://registry.npmjs.org/es-shim-unscopables/-/es-shim-unscopables-1.1.0.tgz. Extracting by manifest.
2944 silly tarball no local data for es-object-atoms@https://registry.npmjs.org/es-object-atoms/-/es-object-atoms-1.1.2.tgz. Extracting by manifest.
2945 silly tarball no local data for define-properties@https://registry.npmjs.org/define-properties/-/define-properties-1.2.1.tgz. Extracting by manifest.
2946 silly tarball no local data for call-bound@https://registry.npmjs.org/call-bound/-/call-bound-1.0.4.tgz. Extracting by manifest.
2947 silly tarball no local data for call-bind@https://registry.npmjs.org/call-bind/-/call-bind-1.0.9.tgz. Extracting by manifest.
2948 silly tarball no local data for string.prototype.trimend@https://registry.npmjs.org/string.prototype.trimend/-/string.prototype.trimend-1.0.10.tgz. Extracting by manifest.
2949 silly tarball no local data for tsconfig-paths@https://registry.npmjs.org/tsconfig-paths/-/tsconfig-paths-3.15.0.tgz. Extracting by manifest.
2950 silly tarball no local data for semver@https://registry.npmjs.org/semver/-/semver-6.3.1.tgz. Extracting by manifest.
2951 silly tarball no local data for object.values@https://registry.npmjs.org/object.values/-/object.values-1.2.1.tgz. Extracting by manifest.
2952 silly tarball no local data for object.fromentries@https://registry.npmjs.org/object.fromentries/-/object.fromentries-2.0.8.tgz. Extracting by manifest.
2953 silly tarball no local data for object.groupby@https://registry.npmjs.org/object.groupby/-/object.groupby-1.0.3.tgz. Extracting by manifest.
2954 silly tarball no local data for hasown@https://registry.npmjs.org/hasown/-/hasown-2.0.4.tgz. Extracting by manifest.
2955 silly tarball no local data for array.prototype.flatmap@https://registry.npmjs.org/array.prototype.flatmap/-/array.prototype.flatmap-1.3.3.tgz. Extracting by manifest.
2956 silly tarball no local data for eslint-module-utils@https://registry.npmjs.org/eslint-module-utils/-/eslint-module-utils-2.14.0.tgz. Extracting by manifest.
2957 silly tarball no local data for @rtsao/scc@https://registry.npmjs.org/@rtsao/scc/-/scc-1.1.0.tgz. Extracting by manifest.
2958 silly tarball no local data for array.prototype.flat@https://registry.npmjs.org/array.prototype.flat/-/array.prototype.flat-1.3.3.tgz. Extracting by manifest.
2959 silly tarball no local data for array.prototype.findlastindex@https://registry.npmjs.org/array.prototype.findlastindex/-/array.prototype.findlastindex-1.2.6.tgz. Extracting by manifest.
2960 silly tarball no local data for unrs-resolver@https://registry.npmjs.org/unrs-resolver/-/unrs-resolver-1.12.2.tgz. Extracting by manifest.
2961 silly tarball no local data for tinyglobby@https://registry.npmjs.org/tinyglobby/-/tinyglobby-0.2.17.tgz. Extracting by manifest.
2962 silly tarball no local data for doctrine@https://registry.npmjs.org/doctrine/-/doctrine-2.1.0.tgz. Extracting by manifest.
2963 silly tarball no local data for array-includes@https://registry.npmjs.org/array-includes/-/array-includes-3.2.0.tgz. Extracting by manifest.
2964 silly tarball no local data for stable-hash@https://registry.npmjs.org/stable-hash/-/stable-hash-0.0.5.tgz. Extracting by manifest.
2965 silly tarball no local data for is-bun-module@https://registry.npmjs.org/is-bun-module/-/is-bun-module-2.0.0.tgz. Extracting by manifest.
2966 silly tarball no local data for get-tsconfig@https://registry.npmjs.org/get-tsconfig/-/get-tsconfig-4.14.3.tgz. Extracting by manifest.
2967 silly tarball no local data for resolve@https://registry.npmjs.org/resolve/-/resolve-2.0.0-next.7.tgz. Extracting by manifest.
2968 silly tarball no local data for is-core-module@https://registry.npmjs.org/is-core-module/-/is-core-module-2.17.0.tgz. Extracting by manifest.
2969 silly tarball no local data for fast-glob@https://registry.npmjs.org/fast-glob/-/fast-glob-3.3.1.tgz. Extracting by manifest.
2970 silly tarball no local data for @nolyfill/is-core-module@https://registry.npmjs.org/@nolyfill/is-core-module/-/is-core-module-1.0.39.tgz. Extracting by manifest.
2971 silly tarball no local data for typescript-eslint@https://registry.npmjs.org/typescript-eslint/-/typescript-eslint-8.71.0.tgz. Extracting by manifest.
2972 silly tarball no local data for eslint-plugin-react-hooks@https://registry.npmjs.org/eslint-plugin-react-hooks/-/eslint-plugin-react-hooks-7.1.1.tgz. Extracting by manifest.
2973 silly tarball no local data for eslint-plugin-react@https://registry.npmjs.org/eslint-plugin-react/-/eslint-plugin-react-7.37.5.tgz. Extracting by manifest.
2974 silly tarball no local data for eslint-plugin-jsx-a11y@https://registry.npmjs.org/eslint-plugin-jsx-a11y/-/eslint-plugin-jsx-a11y-6.10.2.tgz. Extracting by manifest.
2975 silly tarball no local data for eslint-plugin-import@https://registry.npmjs.org/eslint-plugin-import/-/eslint-plugin-import-2.32.0.tgz. Extracting by manifest.
2976 silly tarball no local data for @next/eslint-plugin-next@https://registry.npmjs.org/@next/eslint-plugin-next/-/eslint-plugin-next-16.3.8.tgz. Extracting by manifest.
2977 silly tarball no local data for eslint-import-resolver-node@https://registry.npmjs.org/eslint-import-resolver-node/-/eslint-import-resolver-node-0.3.10.tgz. Extracting by manifest.
2978 silly tarball no local data for eslint-import-resolver-typescript@https://registry.npmjs.org/eslint-import-resolver-typescript/-/eslint-import-resolver-typescript-3.10.1.tgz. Extracting by manifest.
2979 silly tarball no local data for ms@https://registry.npmjs.org/ms/-/ms-2.1.3.tgz. Extracting by manifest.
2980 silly tarball no local data for which@https://registry.npmjs.org/which/-/which-2.0.2.tgz. Extracting by manifest.
2981 silly tarball no local data for shebang-command@https://registry.npmjs.org/shebang-command/-/shebang-command-2.0.0.tgz. Extracting by manifest.
2982 silly tarball no local data for path-key@https://registry.npmjs.org/path-key/-/path-key-3.1.1.tgz. Extracting by manifest.
2983 silly tarball no local data for color-name@https://registry.npmjs.org/color-name/-/color-name-1.1.4.tgz. Extracting by manifest.
2984 silly tarball no local data for supports-color@https://registry.npmjs.org/supports-color/-/supports-color-7.2.0.tgz. Extracting by manifest.
2985 silly tarball no local data for uri-js@https://registry.npmjs.org/uri-js/-/uri-js-4.4.1.tgz. Extracting by manifest.
2986 silly tarball no local data for color-convert@https://registry.npmjs.org/color-convert/-/color-convert-2.0.1.tgz. Extracting by manifest.
2987 silly tarball no local data for @humanfs/types@https://registry.npmjs.org/@humanfs/types/-/types-0.15.0.tgz. Extracting by manifest.
2988 silly tarball no local data for json-schema-traverse@https://registry.npmjs.org/json-schema-traverse/-/json-schema-traverse-0.4.1.tgz. Extracting by manifest.
2989 silly tarball no local data for fast-json-stable-stringify@https://registry.npmjs.org/fast-json-stable-stringify/-/fast-json-stable-stringify-2.1.0.tgz. Extracting by manifest.
2990 silly tarball no local data for ansi-styles@https://registry.npmjs.org/ansi-styles/-/ansi-styles-4.3.0.tgz. Extracting by manifest.
2991 silly tarball no local data for @humanfs/core@https://registry.npmjs.org/@humanfs/core/-/core-0.19.2.tgz. Extracting by manifest.
2992 silly tarball no local data for levn@https://registry.npmjs.org/levn/-/levn-0.4.1.tgz. Extracting by manifest.
2993 silly tarball no local data for strip-json-comments@https://registry.npmjs.org/strip-json-comments/-/strip-json-comments-3.1.1.tgz. Extracting by manifest.
2994 silly tarball no local data for import-fresh@https://registry.npmjs.org/import-fresh/-/import-fresh-3.3.1.tgz. Extracting by manifest.
2995 silly tarball no local data for @types/json-schema@https://registry.npmjs.org/@types/json-schema/-/json-schema-7.0.15.tgz. Extracting by manifest.
2996 silly tarball no local data for js-yaml@https://registry.npmjs.org/js-yaml/-/js-yaml-4.3.2.tgz. Extracting by manifest.
2997 silly tarball no local data for @eslint/object-schema@https://registry.npmjs.org/@eslint/object-schema/-/object-schema-2.1.7.tgz. Extracting by manifest.
2998 silly tarball no local data for minimatch@https://registry.npmjs.org/minimatch/-/minimatch-3.1.5.tgz. Extracting by manifest.
2999 silly tarball no local data for globals@https://registry.npmjs.org/globals/-/globals-14.0.0.tgz. Extracting by manifest.
3000 silly tarball no local data for optionator@https://registry.npmjs.org/optionator/-/optionator-0.9.4.tgz. Extracting by manifest.
3001 silly tarball no local data for lodash.merge@https://registry.npmjs.org/lodash.merge/-/lodash.merge-4.6.2.tgz. Extracting by manifest.
3002 silly tarball no local data for imurmurhash@https://registry.npmjs.org/imurmurhash/-/imurmurhash-0.1.4.tgz. Extracting by manifest.
3003 silly tarball no local data for natural-compare@https://registry.npmjs.org/natural-compare/-/natural-compare-1.4.0.tgz. Extracting by manifest.
3004 silly tarball no local data for json-stable-stringify-without-jsonify@https://registry.npmjs.org/json-stable-stringify-without-jsonify/-/json-stable-stringify-without-jsonify-1.0.1.tgz. Extracting by manifest.
3005 silly tarball no local data for is-glob@https://registry.npmjs.org/is-glob/-/is-glob-4.0.3.tgz. Extracting by manifest.
3006 silly tarball no local data for ignore@https://registry.npmjs.org/ignore/-/ignore-5.3.2.tgz. Extracting by manifest.
3007 silly tarball no local data for glob-parent@https://registry.npmjs.org/glob-parent/-/glob-parent-6.0.2.tgz. Extracting by manifest.
3008 silly tarball no local data for file-entry-cache@https://registry.npmjs.org/file-entry-cache/-/file-entry-cache-8.0.0.tgz. Extracting by manifest.
3009 silly tarball no local data for find-up@https://registry.npmjs.org/find-up/-/find-up-5.0.0.tgz. Extracting by manifest.
3010 silly tarball no local data for esutils@https://registry.npmjs.org/esutils/-/esutils-2.0.3.tgz. Extracting by manifest.
3011 silly tarball no local data for fast-deep-equal@https://registry.npmjs.org/fast-deep-equal/-/fast-deep-equal-3.1.3.tgz. Extracting by manifest.
3012 silly tarball no local data for esquery@https://registry.npmjs.org/esquery/-/esquery-1.7.0.tgz. Extracting by manifest.
3013 silly tarball no local data for espree@https://registry.npmjs.org/espree/-/espree-10.4.0.tgz. Extracting by manifest.
3014 silly tarball no local data for eslint-visitor-keys@https://registry.npmjs.org/eslint-visitor-keys/-/eslint-visitor-keys-4.2.1.tgz. Extracting by manifest.
3015 silly tarball no local data for escape-string-regexp@https://registry.npmjs.org/escape-string-regexp/-/escape-string-regexp-4.0.0.tgz. Extracting by manifest.
3016 silly tarball no local data for eslint-scope@https://registry.npmjs.org/eslint-scope/-/eslint-scope-8.4.0.tgz. Extracting by manifest.
3017 silly tarball no local data for debug@https://registry.npmjs.org/debug/-/debug-4.4.3.tgz. Extracting by manifest.
3018 silly tarball no local data for chalk@https://registry.npmjs.org/chalk/-/chalk-4.1.2.tgz. Extracting by manifest.
3019 silly tarball no local data for @types/estree@https://registry.npmjs.org/@types/estree/-/estree-1.0.9.tgz. Extracting by manifest.
3020 silly tarball no local data for ajv@https://registry.npmjs.org/ajv/-/ajv-6.15.0.tgz. Extracting by manifest.
3021 silly tarball no local data for @humanwhocodes/retry@https://registry.npmjs.org/@humanwhocodes/retry/-/retry-0.4.3.tgz. Extracting by manifest.
3022 silly tarball no local data for cross-spawn@https://registry.npmjs.org/cross-spawn/-/cross-spawn-7.0.6.tgz. Extracting by manifest.
3023 silly tarball no local data for @humanwhocodes/module-importer@https://registry.npmjs.org/@humanwhocodes/module-importer/-/module-importer-1.0.1.tgz. Extracting by manifest.
3024 silly tarball no local data for @humanfs/node@https://registry.npmjs.org/@humanfs/node/-/node-0.16.8.tgz. Extracting by manifest.
3025 silly tarball no local data for @eslint/plugin-kit@https://registry.npmjs.org/@eslint/plugin-kit/-/plugin-kit-0.4.1.tgz. Extracting by manifest.
3026 silly tarball no local data for @eslint/js@https://registry.npmjs.org/@eslint/js/-/js-9.39.5.tgz. Extracting by manifest.
3027 silly tarball no local data for @eslint-community/regexpp@https://registry.npmjs.org/@eslint-community/regexpp/-/regexpp-4.12.2.tgz. Extracting by manifest.
3028 silly tarball no local data for @eslint/eslintrc@https://registry.npmjs.org/@eslint/eslintrc/-/eslintrc-3.3.7.tgz. Extracting by manifest.
3029 silly tarball no local data for @eslint/config-helpers@https://registry.npmjs.org/@eslint/config-helpers/-/config-helpers-0.4.2.tgz. Extracting by manifest.
3030 silly tarball no local data for @eslint/core@https://registry.npmjs.org/@eslint/core/-/core-0.17.0.tgz. Extracting by manifest.
3031 silly tarball no local data for @eslint-community/eslint-utils@https://registry.npmjs.org/@eslint-community/eslint-utils/-/eslint-utils-4.10.1.tgz. Extracting by manifest.
3032 silly tarball no local data for undici-types@https://registry.npmjs.org/undici-types/-/undici-types-7.24.6.tgz. Extracting by manifest.
3033 silly tarball no local data for @eslint/config-array@https://registry.npmjs.org/@eslint/config-array/-/config-array-0.21.2.tgz. Extracting by manifest.
3034 silly tarball no local data for react-dom@https://registry.npmjs.org/react-dom/-/react-dom-19.3.0.tgz. Extracting by manifest.
3035 silly tarball no local data for csstype@https://registry.npmjs.org/csstype/-/csstype-3.2.3.tgz. Extracting by manifest.
3036 silly tarball no local data for typescript@https://registry.npmjs.org/typescript/-/typescript-5.9.3.tgz. Extracting by manifest.
3037 silly tarball no local data for react@https://registry.npmjs.org/react/-/react-19.3.0.tgz. Extracting by manifest.
3038 silly tarball no local data for next@https://registry.npmjs.org/next/-/next-16.3.8.tgz. Extracting by manifest.
3039 silly tarball no local data for @types/react-dom@https://registry.npmjs.org/@types/react-dom/-/react-dom-19.3.0.tgz. Extracting by manifest.
3040 silly tarball no local data for lucide-react@https://registry.npmjs.org/lucide-react/-/lucide-react-0.577.0.tgz. Extracting by manifest.
3041 silly tarball no local data for @types/react@https://registry.npmjs.org/@types/react/-/react-19.3.0.tgz. Extracting by manifest.
3042 silly tarball no local data for eslint@https://registry.npmjs.org/eslint/-/eslint-9.39.5.tgz. Extracting by manifest.
3043 silly tarball no local data for eslint-visitor-keys@https://registry.npmjs.org/eslint-visitor-keys/-/eslint-visitor-keys-5.0.1.tgz. Extracting by manifest.
3044 silly tarball no local data for eslint-config-next@https://registry.npmjs.org/eslint-config-next/-/eslint-config-next-16.3.8.tgz. Extracting by manifest.
3045 silly tarball no local data for balanced-match@https://registry.npmjs.org/balanced-match/-/balanced-match-4.0.4.tgz. Extracting by manifest.
3046 silly tarball no local data for @types/node@https://registry.npmjs.org/@types/node/-/node-24.19.0.tgz. Extracting by manifest.
3047 silly tarball no local data for json5@https://registry.npmjs.org/json5/-/json5-1.0.2.tgz. Extracting by manifest.
3048 silly tarball no local data for semver@https://registry.npmjs.org/semver/-/semver-7.8.5.tgz. Extracting by manifest.
3049 silly tarball no local data for ignore@https://registry.npmjs.org/ignore/-/ignore-7.0.11.tgz. Extracting by manifest.
3050 silly tarball no local data for brace-expansion@https://registry.npmjs.org/brace-expansion/-/brace-expansion-5.0.12.tgz. Extracting by manifest.
3051 silly tarball no local data for semver@https://registry.npmjs.org/semver/-/semver-7.8.5.tgz. Extracting by manifest.
3052 silly tarball no local data for debug@https://registry.npmjs.org/debug/-/debug-3.2.7.tgz. Extracting by manifest.
3053 silly tarball no local data for minimatch@https://registry.npmjs.org/minimatch/-/minimatch-10.2.6.tgz. Extracting by manifest.
3054 silly tarball no local data for debug@https://registry.npmjs.org/debug/-/debug-3.2.7.tgz. Extracting by manifest.
3055 silly tarball no local data for semver@https://registry.npmjs.org/semver/-/semver-7.8.5.tgz. Extracting by manifest.
3056 silly tarball no local data for fdir@https://registry.npmjs.org/fdir/-/fdir-6.5.0.tgz. Extracting by manifest.
3057 silly tarball no local data for picomatch@https://registry.npmjs.org/picomatch/-/picomatch-4.0.7.tgz. Extracting by manifest.
3058 silly tarball no local data for debug@https://registry.npmjs.org/debug/-/debug-3.2.7.tgz. Extracting by manifest.
3059 silly tarball no local data for glob-parent@https://registry.npmjs.org/glob-parent/-/glob-parent-5.1.2.tgz. Extracting by manifest.
3060 silly tarball no local data for eslint-visitor-keys@https://registry.npmjs.org/eslint-visitor-keys/-/eslint-visitor-keys-3.4.3.tgz. Extracting by manifest.
3061 silly tarball no local data for @eslint-community/eslint-utils@https://registry.npmjs.org/@eslint-community/eslint-utils/-/eslint-utils-4.9.1.tgz. Extracting by manifest.
3062 silly tarball no local data for eslint-visitor-keys@https://registry.npmjs.org/eslint-visitor-keys/-/eslint-visitor-keys-3.4.3.tgz. Extracting by manifest.
3063 silly tarball no local data for globals@https://registry.npmjs.org/globals/-/globals-16.4.0.tgz. Extracting by manifest.
3064 http fetch GET 200 https://registry.npmjs.org/async-function/-/async-function-1.0.0.tgz 969ms (cache miss)
3065 http fetch GET 200 https://registry.npmjs.org/is-finalizationregistry/-/is-finalizationregistry-1.1.1.tgz 966ms (cache miss)
3066 http fetch GET 200 https://registry.npmjs.org/which-collection/-/which-collection-1.0.2.tgz 968ms (cache miss)
3067 http fetch GET 200 https://registry.npmjs.org/is-map/-/is-map-2.0.3.tgz 974ms (cache miss)
3068 http fetch GET 200 https://registry.npmjs.org/is-weakmap/-/is-weakmap-2.0.2.tgz 978ms (cache miss)
3069 http fetch GET 200 https://registry.npmjs.org/is-number-object/-/is-number-object-1.1.1.tgz 968ms (cache miss)
3070 http fetch GET 200 https://registry.npmjs.org/is-boolean-object/-/is-boolean-object-1.2.2.tgz 968ms (cache miss)
3071 http fetch GET 200 https://registry.npmjs.org/is-generator-function/-/is-generator-function-1.1.2.tgz 977ms (cache miss)
3072 http fetch GET 200 https://registry.npmjs.org/has-bigints/-/has-bigints-1.1.0.tgz 968ms (cache miss)
3073 http fetch GET 200 https://registry.npmjs.org/is-weakset/-/is-weakset-2.0.4.tgz 1000ms (cache miss)
3074 http fetch GET 200 https://registry.npmjs.org/@typescript-eslint/visitor-keys/-/visitor-keys-8.71.0.tgz 975ms (cache miss)
3075 http fetch GET 200 https://registry.npmjs.org/which-boxed-primitive/-/which-boxed-primitive-1.1.1.tgz 984ms (cache miss)
3076 http fetch GET 200 https://registry.npmjs.org/which-builtin-type/-/which-builtin-type-1.2.1.tgz 975ms (cache miss)
3077 http fetch GET 200 https://registry.npmjs.org/generator-function/-/generator-function-2.0.1.tgz 1019ms (cache miss)
3078 http fetch GET 200 https://registry.npmjs.org/@typescript-eslint/project-service/-/project-service-8.71.0.tgz 992ms (cache miss)
3079 http fetch GET 200 https://registry.npmjs.org/for-each/-/for-each-0.3.5.tgz 989ms (cache miss)
3080 http fetch GET 200 https://registry.npmjs.org/strip-bom/-/strip-bom-3.0.0.tgz 988ms (cache miss)
3081 http fetch GET 200 https://registry.npmjs.org/reflect.getprototypeof/-/reflect.getprototypeof-1.0.10.tgz 985ms (cache miss)
3082 http fetch GET 200 https://registry.npmjs.org/client-only/-/client-only-0.0.1.tgz 1011ms (cache miss)
3083 http fetch GET 200 https://registry.npmjs.org/has-flag/-/has-flag-4.0.0.tgz 1016ms (cache miss)
3084 http fetch GET 200 https://registry.npmjs.org/is-number/-/is-number-7.0.0.tgz 1042ms (cache miss)
3085 http fetch GET 200 https://registry.npmjs.org/detect-libc/-/detect-libc-2.1.2.tgz 1045ms (cache miss)
3086 http fetch GET 200 https://registry.npmjs.org/shebang-regex/-/shebang-regex-3.0.0.tgz 1065ms (cache miss)
3087 http fetch GET 200 https://registry.npmjs.org/path-parse/-/path-parse-1.0.7.tgz 1095ms (cache miss)
3088 http fetch GET 200 https://registry.npmjs.org/isarray/-/isarray-2.0.5.tgz 1113ms (cache miss)
3089 http fetch GET 200 https://registry.npmjs.org/supports-preserve-symlinks-flag/-/supports-preserve-symlinks-flag-1.0.0.tgz 1111ms (cache miss)
3090 http fetch GET 200 https://registry.npmjs.org/react-is/-/react-is-16.13.1.tgz 1107ms (cache miss)
3091 http fetch GET 200 https://registry.npmjs.org/object-assign/-/object-assign-4.1.1.tgz 1121ms (cache miss)
3092 http fetch GET 200 https://registry.npmjs.org/queue-microtask/-/queue-microtask-1.2.3.tgz 1146ms (cache miss)
3093 http fetch GET 200 https://registry.npmjs.org/punycode/-/punycode-2.3.1.tgz 1213ms (cache miss)
3094 http fetch GET 200 https://registry.npmjs.org/callsites/-/callsites-3.1.0.tgz 1173ms (cache miss)
3095 http fetch GET 200 https://registry.npmjs.org/isexe/-/isexe-2.0.0.tgz 1322ms (cache miss)
3096 http fetch GET 200 https://registry.npmjs.org/yocto-queue/-/yocto-queue-0.1.0.tgz 1258ms (cache miss)
3097 http fetch GET 200 https://registry.npmjs.org/word-wrap/-/word-wrap-1.2.5.tgz 1257ms (cache miss)
3098 http fetch GET 200 https://registry.npmjs.org/fast-levenshtein/-/fast-levenshtein-2.0.6.tgz 1321ms (cache miss)
3099 http fetch GET 200 https://registry.npmjs.org/p-limit/-/p-limit-3.1.0.tgz 1347ms (cache miss)
3100 http fetch GET 200 https://registry.npmjs.org/@typescript-eslint/tsconfig-utils/-/tsconfig-utils-8.71.0.tgz 1411ms (cache miss)
3101 http fetch GET 200 https://registry.npmjs.org/balanced-match/-/balanced-match-1.0.2.tgz 1334ms (cache miss)
3102 http fetch GET 200 https://registry.npmjs.org/concat-map/-/concat-map-0.0.1.tgz 1335ms (cache miss)
3103 http fetch GET 200 https://registry.npmjs.org/to-regex-range/-/to-regex-range-5.0.1.tgz 1391ms (cache miss)
3104 http fetch GET 200 https://registry.npmjs.org/is-async-function/-/is-async-function-2.1.1.tgz 1497ms (cache miss)
3105 http fetch GET 200 https://registry.npmjs.org/fill-range/-/fill-range-7.1.1.tgz 1403ms (cache miss)
3106 http fetch GET 200 https://registry.npmjs.org/yallist/-/yallist-3.1.1.tgz 1398ms (cache miss)
3107 http fetch GET 200 https://registry.npmjs.org/@types/json5/-/json5-0.0.29.tgz 1467ms (cache miss)
3108 http fetch GET 200 https://registry.npmjs.org/p-locate/-/p-locate-5.0.0.tgz 1400ms (cache miss)
3109 http fetch GET 200 https://registry.npmjs.org/type-check/-/type-check-0.4.0.tgz 1421ms (cache miss)
3110 http fetch GET 200 https://registry.npmjs.org/brace-expansion/-/brace-expansion-1.1.21.tgz 1430ms (cache miss)
3111 http fetch GET 200 https://registry.npmjs.org/is-extglob/-/is-extglob-2.1.1.tgz 1430ms (cache miss)
3112 http fetch GET 200 https://registry.npmjs.org/set-function-name/-/set-function-name-2.0.2.tgz 1432ms (cache miss)
3113 http fetch GET 200 https://registry.npmjs.org/side-channel/-/side-channel-1.1.1.tgz 1439ms (cache miss)
3114 http fetch GET 200 https://registry.npmjs.org/loose-envify/-/loose-envify-1.4.0.tgz 1489ms (cache miss)
3115 http fetch GET 200 https://registry.npmjs.org/is-bigint/-/is-bigint-1.1.0.tgz 1556ms (cache miss)
3116 http fetch GET 200 https://registry.npmjs.org/json-buffer/-/json-buffer-3.0.1.tgz 1459ms (cache miss)
3117 http fetch GET 200 https://registry.npmjs.org/dunder-proto/-/dunder-proto-1.0.1.tgz 1449ms (cache miss)
3118 http fetch GET 200 https://registry.npmjs.org/resolve-pkg-maps/-/resolve-pkg-maps-1.0.0.tgz 1450ms (cache miss)
3119 http fetch GET 200 https://registry.npmjs.org/parent-module/-/parent-module-1.0.1.tgz 1448ms (cache miss)
3120 http fetch GET 200 https://registry.npmjs.org/resolve-from/-/resolve-from-4.0.0.tgz 1464ms (cache miss)
3121 http fetch GET 200 https://registry.npmjs.org/functions-have-names/-/functions-have-names-1.2.3.tgz 1458ms (cache miss)
3122 http fetch GET 200 https://registry.npmjs.org/is-document.all/-/is-document.all-1.0.0.tgz 1467ms (cache miss)
3123 http fetch GET 200 https://registry.npmjs.org/argparse/-/argparse-2.0.1.tgz 1490ms (cache miss)
3124 http fetch GET 200 https://registry.npmjs.org/path-exists/-/path-exists-4.0.0.tgz 1475ms (cache miss)
3125 http fetch GET 200 https://registry.npmjs.org/run-parallel/-/run-parallel-1.2.0.tgz 1468ms (cache miss)
3126 http fetch GET 200 https://registry.npmjs.org/locate-path/-/locate-path-6.0.0.tgz 1476ms (cache miss)
3127 http fetch GET 200 https://registry.npmjs.org/fastq/-/fastq-1.20.3.tgz 1468ms (cache miss)
3128 http fetch GET 200 https://registry.npmjs.org/flat-cache/-/flat-cache-4.0.1.tgz 1489ms (cache miss)
3129 http fetch GET 200 https://registry.npmjs.org/micromatch/-/micromatch-4.0.8.tgz 1477ms (cache miss)
3130 http fetch GET 200 https://registry.npmjs.org/@typescript-eslint/parser/-/parser-8.71.0.tgz 1608ms (cache miss)
3131 http fetch GET 200 https://registry.npmjs.org/update-browserslist-db/-/update-browserslist-db-1.3.3.tgz 1494ms (cache miss)
3132 http fetch GET 200 https://registry.npmjs.org/merge2/-/merge2-1.4.1.tgz 1502ms (cache miss)
3133 http fetch GET 200 https://registry.npmjs.org/ts-api-utils/-/ts-api-utils-2.5.0.tgz 1639ms (cache miss)
3134 http fetch GET 200 https://registry.npmjs.org/escalade/-/escalade-3.2.0.tgz 1653ms (cache miss)
3135 http fetch GET 200 https://registry.npmjs.org/side-channel-weakmap/-/side-channel-weakmap-1.0.2.tgz 1620ms (cache miss)
3136 http fetch GET 200 https://registry.npmjs.org/@jridgewell/resolve-uri/-/resolve-uri-3.1.2.tgz 1511ms (cache miss)
3137 http fetch GET 200 https://registry.npmjs.org/esrecurse/-/esrecurse-4.3.0.tgz 1524ms (cache miss)
3138 http fetch GET 200 https://registry.npmjs.org/lru-cache/-/lru-cache-5.1.1.tgz 1514ms (cache miss)
3139 http fetch GET 200 https://registry.npmjs.org/keyv/-/keyv-4.5.4.tgz 1551ms (cache miss)
3140 http fetch GET 200 https://registry.npmjs.org/node-releases/-/node-releases-2.0.57.tgz 1528ms (cache miss)
3141 http fetch GET 200 https://registry.npmjs.org/side-channel-map/-/side-channel-map-1.0.1.tgz 1633ms (cache miss)
3142 http fetch GET 200 https://registry.npmjs.org/picocolors/-/picocolors-1.1.1.tgz 1529ms (cache miss)
3143 http fetch GET 200 https://registry.npmjs.org/acorn-jsx/-/acorn-jsx-5.3.2.tgz 1564ms (cache miss)
3144 http fetch GET 200 https://registry.npmjs.org/js-tokens/-/js-tokens-4.0.0.tgz 1539ms (cache miss)
3145 http fetch GET 200 https://registry.npmjs.org/jsesc/-/jsesc-3.1.0.tgz 1551ms (cache miss)
3146 http fetch GET 200 https://registry.npmjs.org/side-channel-list/-/side-channel-list-1.0.1.tgz 1668ms (cache miss)
3147 http fetch GET 200 https://registry.npmjs.org/gensync/-/gensync-1.0.0-beta.2.tgz 1546ms (cache miss)
3148 http fetch GET 200 https://registry.npmjs.org/@next/env/-/env-16.3.8.tgz 1640ms (cache miss)
3149 http fetch GET 200 https://registry.npmjs.org/deep-is/-/deep-is-0.1.4.tgz 1654ms (cache miss)
3150 http fetch GET 200 https://registry.npmjs.org/@babel/helper-string-parser/-/helper-string-parser-7.29.7.tgz 1579ms (cache miss)
3151 http fetch GET 200 https://registry.npmjs.org/convert-source-map/-/convert-source-map-2.0.0.tgz 1593ms (cache miss)
3152 http fetch GET 200 https://registry.npmjs.org/picomatch/-/picomatch-2.3.2.tgz 1713ms (cache miss)
3153 http fetch GET 200 https://registry.npmjs.org/@img/colour/-/colour-1.1.0.tgz 1908ms (cache miss)
3154 http fetch GET 200 https://registry.npmjs.org/prelude-ls/-/prelude-ls-1.2.1.tgz 1981ms (cache miss)
3155 http fetch GET 200 https://registry.npmjs.org/braces/-/braces-3.0.3.tgz 1993ms (cache miss)
3156 http fetch GET 200 https://registry.npmjs.org/@babel/helper-module-imports/-/helper-module-imports-7.29.7.tgz 2311ms (cache miss)
3157 http fetch GET 200 https://registry.npmjs.org/@babel/helper-globals/-/helper-globals-7.29.7.tgz 2320ms (cache miss)
3158 http fetch GET https://registry.npmjs.org/es-to-primitive/-/es-to-primitive-1.3.4.tgz attempt 1 failed with ECONNRESET
3159 http fetch GET https://registry.npmjs.org/is-data-view/-/is-data-view-1.0.2.tgz attempt 1 failed with ECONNRESET
3160 http fetch GET https://registry.npmjs.org/is-negative-zero/-/is-negative-zero-2.0.3.tgz attempt 1 failed with ECONNRESET
3161 http fetch GET https://registry.npmjs.org/is-regex/-/is-regex-1.2.1.tgz attempt 1 failed with ECONNRESET
3162 http fetch GET https://registry.npmjs.org/@babel/compat-data/-/compat-data-7.29.7.tgz attempt 1 failed with ECONNRESET
3163 verbose reify failed optional dependency C:\Users\Lenovo\Documents\Codex\2026-10-01\do\outputs\praman-app\node_modules\@next\swc-win32-x64-msvc
3164 silly reify mark deleted [
3164 silly reify   'C:\\Users\\Lenovo\\Documents\\Codex\\2026-10-01\\do\\outputs\\praman-app\\node_modules\\@next\\swc-win32-x64-msvc'
3164 silly reify ]
3165 http fetch GET https://registry.npmjs.org/is-callable/-/is-callable-1.2.7.tgz attempt 1 failed with ECONNRESET
3166 http fetch GET https://registry.npmjs.org/internal-slot/-/internal-slot-1.1.0.tgz attempt 1 failed with ECONNRESET
3167 http fetch GET https://registry.npmjs.org/is-array-buffer/-/is-array-buffer-3.0.5.tgz attempt 1 failed with ECONNRESET
3168 http fetch GET https://registry.npmjs.org/has-symbols/-/has-symbols-1.1.0.tgz attempt 1 failed with ECONNRESET
3169 http fetch GET https://registry.npmjs.org/has-proto/-/has-proto-1.2.0.tgz attempt 1 failed with ECONNRESET
3170 http fetch GET https://registry.npmjs.org/globalthis/-/globalthis-1.0.4.tgz attempt 1 failed with ECONNRESET
3171 http fetch GET https://registry.npmjs.org/get-symbol-description/-/get-symbol-description-1.1.0.tgz attempt 1 failed with ECONNRESET
3172 http fetch GET https://registry.npmjs.org/function.prototype.name/-/function.prototype.name-1.2.0.tgz attempt 1 failed with ECONNRESET
3173 http fetch GET https://registry.npmjs.org/get-proto/-/get-proto-1.0.1.tgz attempt 1 failed with ECONNRESET
3174 http fetch GET 200 https://registry.npmjs.org/tslib/-/tslib-2.8.1.tgz 223495ms (cache miss)
3175 http fetch GET 200 https://registry.npmjs.org/browserslist/-/browserslist-4.29.3.tgz 223425ms (cache miss)
3176 http fetch GET 200 https://registry.npmjs.org/@babel/helper-validator-option/-/helper-validator-option-7.29.7.tgz 223546ms (cache miss)
3177 http fetch GET 200 https://registry.npmjs.org/scheduler/-/scheduler-0.28.0.tgz 223843ms (cache miss)
3178 http fetch GET 200 https://registry.npmjs.org/@nodelib/fs.stat/-/fs.stat-2.0.5.tgz 223773ms (cache miss)
3179 http fetch GET 200 https://registry.npmjs.org/iterator.prototype/-/iterator.prototype-1.1.5.tgz 223743ms (cache miss)
3180 http fetch GET 200 https://registry.npmjs.org/string.prototype.repeat/-/string.prototype.repeat-1.0.0.tgz 223751ms (cache miss)
3181 http fetch GET 200 https://registry.npmjs.org/@nodelib/fs.scandir/-/fs.scandir-2.1.5.tgz 223818ms (cache miss)
3182 http fetch GET 200 https://registry.npmjs.org/estraverse/-/estraverse-5.3.0.tgz 223750ms (cache miss)
3183 http fetch GET 200 https://registry.npmjs.org/array.prototype.tosorted/-/array.prototype.tosorted-1.1.4.tgz 223752ms (cache miss)
3184 http fetch GET 200 https://registry.npmjs.org/array.prototype.findlast/-/array.prototype.findlast-1.2.5.tgz 223751ms (cache miss)
3185 http fetch GET 200 https://registry.npmjs.org/@babel/helper-validator-identifier/-/helper-validator-identifier-7.29.7.tgz 223774ms (cache miss)
3186 http fetch GET 200 https://registry.npmjs.org/baseline-browser-mapping/-/baseline-browser-mapping-2.11.26.tgz 223818ms (cache miss)
3187 http fetch GET 200 https://registry.npmjs.org/ast-types-flow/-/ast-types-flow-0.0.8.tgz 223755ms (cache miss)
3188 http fetch GET 200 https://registry.npmjs.org/is-date-object/-/is-date-object-1.1.0.tgz 223758ms (cache miss)
3189 http fetch GET 200 https://registry.npmjs.org/reusify/-/reusify-1.1.0.tgz 223860ms (cache miss)
3190 http fetch GET 200 https://registry.npmjs.org/string.prototype.includes/-/string.prototype.includes-2.0.1.tgz 223788ms (cache miss)
3191 http fetch GET 200 https://registry.npmjs.org/unbox-primitive/-/unbox-primitive-1.1.0.tgz 223767ms (cache miss)
3192 http fetch GET 200 https://registry.npmjs.org/damerau-levenshtein/-/damerau-levenshtein-1.0.8.tgz 223773ms (cache miss)
3193 http fetch GET 200 https://registry.npmjs.org/typed-array-length/-/typed-array-length-1.0.8.tgz 223767ms (cache miss)
3194 http fetch GET 200 https://registry.npmjs.org/typed-array-buffer/-/typed-array-buffer-1.0.3.tgz 223796ms (cache miss)
3195 http fetch GET 200 https://registry.npmjs.org/typed-array-byte-offset/-/typed-array-byte-offset-1.0.5.tgz 223805ms (cache miss)
3196 http fetch GET 200 https://registry.npmjs.org/stop-iteration-iterator/-/stop-iteration-iterator-1.1.0.tgz 223804ms (cache miss)
3197 http fetch GET 200 https://registry.npmjs.org/set-proto/-/set-proto-1.0.0.tgz 223801ms (cache miss)
3198 http fetch GET 200 https://registry.npmjs.org/typed-array-byte-length/-/typed-array-byte-length-1.0.3.tgz 223813ms (cache miss)
3199 http fetch GET 200 https://registry.npmjs.org/safe-array-concat/-/safe-array-concat-1.1.4.tgz 223804ms (cache miss)
3200 http fetch GET 200 https://registry.npmjs.org/string.prototype.trim/-/string.prototype.trim-1.2.11.tgz 223809ms (cache miss)
3201 http fetch GET 200 https://registry.npmjs.org/@typescript-eslint/types/-/types-8.71.0.tgz 224111ms (cache miss)
3202 http fetch GET 200 https://registry.npmjs.org/electron-to-chromium/-/electron-to-chromium-1.5.443.tgz 223979ms (cache miss)
3203 http fetch GET 200 https://registry.npmjs.org/own-keys/-/own-keys-1.0.2.tgz 223891ms (cache miss)
3204 http fetch GET 200 https://registry.npmjs.org/possible-typed-array-names/-/possible-typed-array-names-1.1.0.tgz 223911ms (cache miss)
3205 http fetch GET 200 https://registry.npmjs.org/regexp.prototype.flags/-/regexp.prototype.flags-1.5.4.tgz 223920ms (cache miss)
3206 http fetch GET 200 https://registry.npmjs.org/is-shared-array-buffer/-/is-shared-array-buffer-1.0.4.tgz 223918ms (cache miss)
3207 http fetch GET 200 https://registry.npmjs.org/safe-regex-test/-/safe-regex-test-1.1.0.tgz 223955ms (cache miss)
3208 http fetch GET 200 https://registry.npmjs.org/string.prototype.trimstart/-/string.prototype.trimstart-1.0.8.tgz 223965ms (cache miss)
3209 http fetch GET 200 https://registry.npmjs.org/@babel/code-frame/-/code-frame-7.29.7.tgz 224134ms (cache miss)
3210 http fetch GET 200 https://registry.npmjs.org/flatted/-/flatted-3.4.4.tgz 224297ms (cache miss)
3211 http fetch GET 200 https://registry.npmjs.org/language-tags/-/language-tags-1.0.9.tgz 224272ms (cache miss)
3212 http fetch GET 200 https://registry.npmjs.org/source-map-js/-/source-map-js-1.2.2.tgz 224766ms (cache miss)
3213 http fetch GET 200 https://registry.npmjs.org/shebang-command/-/shebang-command-2.0.0.tgz 224517ms (cache miss)
3214 http fetch GET 200 https://registry.npmjs.org/ms/-/ms-2.1.3.tgz 224606ms (cache miss)
3215 http fetch GET 200 https://registry.npmjs.org/eslint-import-resolver-node/-/eslint-import-resolver-node-0.3.10.tgz 224682ms (cache miss)
3216 http fetch GET 200 https://registry.npmjs.org/path-key/-/path-key-3.1.1.tgz 224719ms (cache miss)
3217 http fetch GET 200 https://registry.npmjs.org/which-typed-array/-/which-typed-array-1.1.24.tgz 224910ms (cache miss)
3218 http fetch GET 200 https://registry.npmjs.org/imurmurhash/-/imurmurhash-0.1.4.tgz 224757ms (cache miss)
3219 http fetch GET 200 https://registry.npmjs.org/stable-hash/-/stable-hash-0.0.5.tgz 224824ms (cache miss)
3220 http fetch GET 200 https://registry.npmjs.org/import-fresh/-/import-fresh-3.3.1.tgz 224767ms (cache miss)
3221 http fetch GET 200 https://registry.npmjs.org/strip-json-comments/-/strip-json-comments-3.1.1.tgz 224770ms (cache miss)
3222 http fetch GET 200 https://registry.npmjs.org/acorn/-/acorn-8.18.0.tgz 225031ms (cache miss)
3223 http fetch GET 200 https://registry.npmjs.org/@types/json-schema/-/json-schema-7.0.15.tgz 224809ms (cache miss)
3224 http fetch GET 200 https://registry.npmjs.org/@humanfs/types/-/types-0.15.0.tgz 224854ms (cache miss)
3225 http fetch GET 200 https://registry.npmjs.org/which/-/which-2.0.2.tgz 224886ms (cache miss)
3226 http fetch GET 200 https://registry.npmjs.org/json-stable-stringify-without-jsonify/-/json-stable-stringify-without-jsonify-1.0.1.tgz 224843ms (cache miss)
3227 http fetch GET 200 https://registry.npmjs.org/minimist/-/minimist-1.2.8.tgz 225209ms (cache miss)
3228 http fetch GET 200 https://registry.npmjs.org/safe-push-apply/-/safe-push-apply-1.0.0.tgz 225005ms (cache miss)
3229 http fetch GET 200 https://registry.npmjs.org/ansi-styles/-/ansi-styles-4.3.0.tgz 224889ms (cache miss)
3230 http fetch GET 200 https://registry.npmjs.org/file-entry-cache/-/file-entry-cache-8.0.0.tgz 224919ms (cache miss)
3231 http fetch GET 200 https://registry.npmjs.org/is-glob/-/is-glob-4.0.3.tgz 224922ms (cache miss)
3232 http fetch GET 200 https://registry.npmjs.org/glob-parent/-/glob-parent-6.0.2.tgz 224948ms (cache miss)
3233 http fetch GET 200 https://registry.npmjs.org/natural-compare/-/natural-compare-1.4.0.tgz 224985ms (cache miss)
3234 http fetch GET 200 https://registry.npmjs.org/color-name/-/color-name-1.1.4.tgz 225029ms (cache miss)
3235 http fetch GET 200 https://registry.npmjs.org/supports-color/-/supports-color-7.2.0.tgz 225063ms (cache miss)
3236 http fetch GET 200 https://registry.npmjs.org/find-up/-/find-up-5.0.0.tgz 225063ms (cache miss)
3237 http fetch GET 200 https://registry.npmjs.org/is-symbol/-/is-symbol-1.1.1.tgz 225248ms (cache miss)
3238 http fetch GET 200 https://registry.npmjs.org/hermes-estree/-/hermes-estree-0.25.1.tgz 225393ms (cache miss)
3239 http fetch GET 200 https://registry.npmjs.org/escape-string-regexp/-/escape-string-regexp-4.0.0.tgz 225107ms (cache miss)
3240 http fetch GET 200 https://registry.npmjs.org/@humanwhocodes/module-importer/-/module-importer-1.0.1.tgz 225101ms (cache miss)
3241 http fetch GET 200 https://registry.npmjs.org/is-typed-array/-/is-typed-array-1.1.15.tgz 225272ms (cache miss)
3242 http fetch GET 200 https://registry.npmjs.org/has-property-descriptors/-/has-property-descriptors-1.0.2.tgz 225240ms (cache miss)
3243 http fetch GET 200 https://registry.npmjs.org/napi-postinstall/-/napi-postinstall-0.3.4.tgz 225524ms (cache miss)
3244 http fetch GET 200 https://registry.npmjs.org/@nolyfill/is-core-module/-/is-core-module-1.0.39.tgz 225208ms (cache miss)
3245 http fetch GET 200 https://registry.npmjs.org/prop-types/-/prop-types-15.8.1.tgz 225355ms (cache miss)
3246 http fetch GET 200 https://registry.npmjs.org/@types/estree/-/estree-1.0.9.tgz 225155ms (cache miss)
3247 http fetch GET 200 https://registry.npmjs.org/lodash.merge/-/lodash.merge-4.6.2.tgz 225185ms (cache miss)
3248 http fetch GET 200 https://registry.npmjs.org/es-set-tostringtag/-/es-set-tostringtag-2.1.0.tgz 225312ms (cache miss)
3249 http fetch GET 200 https://registry.npmjs.org/define-properties/-/define-properties-1.2.1.tgz 225288ms (cache miss)
3250 http fetch GET 200 https://registry.npmjs.org/is-set/-/is-set-2.0.3.tgz 225370ms (cache miss)
3251 http fetch GET 200 https://registry.npmjs.org/ignore/-/ignore-5.3.2.tgz 225235ms (cache miss)
3252 http fetch GET 200 https://registry.npmjs.org/@rtsao/scc/-/scc-1.1.0.tgz 225329ms (cache miss)
3253 http fetch GET 200 https://registry.npmjs.org/balanced-match/-/balanced-match-4.0.4.tgz 225204ms (cache miss)
3254 http fetch GET 200 https://registry.npmjs.org/nanoid/-/nanoid-3.3.19.tgz 225594ms (cache miss)
3255 http fetch GET 200 https://registry.npmjs.org/tinyglobby/-/tinyglobby-0.2.17.tgz 225340ms (cache miss)
3256 http fetch GET 200 https://registry.npmjs.org/@eslint/config-helpers/-/config-helpers-0.4.2.tgz 225244ms (cache miss)
3257 http fetch GET 200 https://registry.npmjs.org/globals/-/globals-14.0.0.tgz 225282ms (cache miss)
3258 http fetch GET 200 https://registry.npmjs.org/hasown/-/hasown-2.0.4.tgz 225366ms (cache miss)
3259 http fetch GET 200 https://registry.npmjs.org/minimatch/-/minimatch-3.1.5.tgz 225296ms (cache miss)
3260 http fetch GET 200 https://registry.npmjs.org/array-buffer-byte-length/-/array-buffer-byte-length-1.0.2.tgz 225410ms (cache miss)
3261 http fetch GET 200 https://registry.npmjs.org/data-view-byte-length/-/data-view-byte-length-1.0.2.tgz 225415ms (cache miss)
3262 http fetch GET 200 https://registry.npmjs.org/es-define-property/-/es-define-property-1.0.1.tgz 225402ms (cache miss)
3263 http fetch GET 200 https://registry.npmjs.org/data-view-byte-offset/-/data-view-byte-offset-1.0.1.tgz 225420ms (cache miss)
3264 http fetch GET 200 https://registry.npmjs.org/unrs-resolver/-/unrs-resolver-1.12.2.tgz 225375ms (cache miss)
3265 http fetch GET 200 https://registry.npmjs.org/is-core-module/-/is-core-module-2.17.0.tgz 225374ms (cache miss)
3266 http fetch GET 200 https://registry.npmjs.org/data-view-buffer/-/data-view-buffer-1.0.2.tgz 225432ms (cache miss)
3267 http fetch GET 200 https://registry.npmjs.org/is-bun-module/-/is-bun-module-2.0.0.tgz 225384ms (cache miss)
3268 http fetch GET 200 https://registry.npmjs.org/eslint-visitor-keys/-/eslint-visitor-keys-3.4.3.tgz 225271ms (cache miss)
3269 http fetch GET 200 https://registry.npmjs.org/is-weakref/-/is-weakref-1.1.1.tgz 225453ms (cache miss)
3270 http fetch GET 200 https://registry.npmjs.org/available-typed-arrays/-/available-typed-arrays-1.0.7.tgz 225464ms (cache miss)
3271 http fetch GET 200 https://registry.npmjs.org/get-intrinsic/-/get-intrinsic-1.3.0.tgz 225460ms (cache miss)
3272 http fetch GET 200 https://registry.npmjs.org/color-convert/-/color-convert-2.0.1.tgz 225395ms (cache miss)
3273 http fetch GET 200 https://registry.npmjs.org/define-data-property/-/define-data-property-1.1.4.tgz 225473ms (cache miss)
3274 http fetch GET 200 https://registry.npmjs.org/object-keys/-/object-keys-1.1.1.tgz 225475ms (cache miss)
3275 http fetch GET 200 https://registry.npmjs.org/is-string/-/is-string-1.1.1.tgz 225473ms (cache miss)
3276 http fetch GET 200 https://registry.npmjs.org/gopd/-/gopd-1.2.0.tgz 225486ms (cache miss)
3277 http fetch GET 200 https://registry.npmjs.org/call-bound/-/call-bound-1.0.4.tgz 225469ms (cache miss)
3278 http fetch GET 200 https://registry.npmjs.org/set-function-length/-/set-function-length-1.2.2.tgz 225482ms (cache miss)
3279 http fetch GET 200 https://registry.npmjs.org/optionator/-/optionator-0.9.4.tgz 225384ms (cache miss)
3280 http fetch GET 200 https://registry.npmjs.org/semver/-/semver-6.3.1.tgz 225473ms (cache miss)
3281 http fetch GET 200 https://registry.npmjs.org/eslint-visitor-keys/-/eslint-visitor-keys-3.4.3.tgz 225320ms (cache miss)
3282 http fetch GET 200 https://registry.npmjs.org/levn/-/levn-0.4.1.tgz 225423ms (cache miss)
3283 http fetch GET 200 https://registry.npmjs.org/chalk/-/chalk-4.1.2.tgz 225379ms (cache miss)
3284 http fetch GET 200 https://registry.npmjs.org/es-shim-unscopables/-/es-shim-unscopables-1.1.0.tgz 225495ms (cache miss)
3285 http fetch GET 200 https://registry.npmjs.org/json-schema-traverse/-/json-schema-traverse-0.4.1.tgz 225434ms (cache miss)
3286 http fetch GET 200 https://registry.npmjs.org/glob-parent/-/glob-parent-5.1.2.tgz 225336ms (cache miss)
3287 http fetch GET 200 https://registry.npmjs.org/esutils/-/esutils-2.0.3.tgz 225396ms (cache miss)
3288 http fetch GET 200 https://registry.npmjs.org/doctrine/-/doctrine-2.1.0.tgz 225479ms (cache miss)
3289 http fetch GET 200 https://registry.npmjs.org/eslint-import-resolver-typescript/-/eslint-import-resolver-typescript-3.10.1.tgz 225462ms (cache miss)
3290 http fetch GET 200 https://registry.npmjs.org/emoji-regex/-/emoji-regex-9.2.2.tgz 225607ms (cache miss)
3291 http fetch GET 200 https://registry.npmjs.org/function-bind/-/function-bind-1.1.2.tgz 225530ms (cache miss)
3292 http fetch GET 200 https://registry.npmjs.org/call-bind/-/call-bind-1.0.9.tgz 225514ms (cache miss)
3293 http fetch GET 200 https://registry.npmjs.org/@eslint/js/-/js-9.39.5.tgz 225399ms (cache miss)
3294 http fetch GET 200 https://registry.npmjs.org/has-tostringtag/-/has-tostringtag-1.0.2.tgz 225606ms (cache miss)
3295 http fetch GET 200 https://registry.npmjs.org/ignore/-/ignore-7.0.11.tgz 225384ms (cache miss)
3296 http fetch GET 200 https://registry.npmjs.org/@babel/helper-module-transforms/-/helper-module-transforms-7.29.7.tgz 225664ms (cache miss)
3297 http fetch GET 200 https://registry.npmjs.org/string.prototype.matchall/-/string.prototype.matchall-4.1.0.tgz 225650ms (cache miss)
3298 http fetch GET 200 https://registry.npmjs.org/@humanfs/node/-/node-0.16.8.tgz 225435ms (cache miss)
3299 http fetch GET 200 https://registry.npmjs.org/es-object-atoms/-/es-object-atoms-1.1.2.tgz 225564ms (cache miss)
3300 http fetch GET 200 https://registry.npmjs.org/eslint-visitor-keys/-/eslint-visitor-keys-4.2.1.tgz 225458ms (cache miss)
3301 http fetch GET 200 https://registry.npmjs.org/debug/-/debug-4.4.3.tgz 225456ms (cache miss)
3302 http fetch GET 200 https://registry.npmjs.org/object.entries/-/object.entries-1.1.9.tgz 225666ms (cache miss)
3303 http fetch GET 200 https://registry.npmjs.org/fast-deep-equal/-/fast-deep-equal-3.1.3.tgz 225478ms (cache miss)
3304 http fetch GET 200 https://registry.npmjs.org/@humanwhocodes/retry/-/retry-0.4.3.tgz 225468ms (cache miss)
3305 http fetch GET 200 https://registry.npmjs.org/arraybuffer.prototype.slice/-/arraybuffer.prototype.slice-1.0.4.tgz 225616ms (cache miss)
3306 http fetch GET 200 https://registry.npmjs.org/es-abstract-get/-/es-abstract-get-1.0.0.tgz 225672ms (cache miss)
3307 http fetch GET 200 https://registry.npmjs.org/eslint-visitor-keys/-/eslint-visitor-keys-5.0.1.tgz 225453ms (cache miss)
3308 http fetch GET 200 https://registry.npmjs.org/fdir/-/fdir-6.5.0.tgz 225440ms (cache miss)
3309 http fetch GET 200 https://registry.npmjs.org/espree/-/espree-10.4.0.tgz 225495ms (cache miss)
3310 http fetch GET 200 https://registry.npmjs.org/@eslint/core/-/core-0.17.0.tgz 225477ms (cache miss)
3311 http fetch GET 200 https://registry.npmjs.org/@unrs/resolver-binding-win32-x64-msvc/-/resolver-binding-win32-x64-msvc-1.12.2.tgz 225897ms (cache miss)
3312 http fetch GET 200 https://registry.npmjs.org/object.groupby/-/object.groupby-1.0.3.tgz 225593ms (cache miss)
3313 http fetch GET 200 https://registry.npmjs.org/debug/-/debug-3.2.7.tgz 225453ms (cache miss)
3314 http fetch GET 200 https://registry.npmjs.org/zod-validation-error/-/zod-validation-error-4.0.2.tgz 225720ms (cache miss)
3315 http fetch GET 200 https://registry.npmjs.org/@humanfs/core/-/core-0.19.2.tgz 225551ms (cache miss)
3316 http fetch GET 200 https://registry.npmjs.org/json5/-/json5-2.2.3.tgz 225742ms (cache miss)
3317 http fetch GET 200 https://registry.npmjs.org/eslint-config-next/-/eslint-config-next-16.3.8.tgz 225476ms (cache miss)
3318 http fetch GET 200 https://registry.npmjs.org/array.prototype.findlastindex/-/array.prototype.findlastindex-1.2.6.tgz 225604ms (cache miss)
3319 http fetch GET 200 https://registry.npmjs.org/globals/-/globals-16.4.0.tgz 225463ms (cache miss)
3320 http fetch GET 200 https://registry.npmjs.org/node-exports-info/-/node-exports-info-1.6.2.tgz 225872ms (cache miss)
3321 http fetch GET 200 https://registry.npmjs.org/@babel/helper-compilation-targets/-/helper-compilation-targets-7.29.7.tgz 225738ms (cache miss)
3322 http fetch GET 200 https://registry.npmjs.org/get-tsconfig/-/get-tsconfig-4.14.3.tgz 225598ms (cache miss)
3323 http fetch GET 200 https://registry.npmjs.org/typescript-eslint/-/typescript-eslint-8.71.0.tgz 225592ms (cache miss)
3324 http fetch GET 200 https://registry.npmjs.org/object.fromentries/-/object.fromentries-2.0.8.tgz 225621ms (cache miss)
3325 http fetch GET 200 https://registry.npmjs.org/array.prototype.flat/-/array.prototype.flat-1.3.3.tgz 225613ms (cache miss)
3326 http fetch GET 200 https://registry.npmjs.org/string.prototype.trimend/-/string.prototype.trimend-1.0.10.tgz 225630ms (cache miss)
3327 http fetch GET 200 https://registry.npmjs.org/cross-spawn/-/cross-spawn-7.0.6.tgz 225519ms (cache miss)
3328 http fetch GET 200 https://registry.npmjs.org/@eslint/object-schema/-/object-schema-2.1.7.tgz 225549ms (cache miss)
3329 http fetch GET 200 https://registry.npmjs.org/array.prototype.flatmap/-/array.prototype.flatmap-1.3.3.tgz 225627ms (cache miss)
3330 http fetch GET 200 https://registry.npmjs.org/debug/-/debug-3.2.7.tgz 225494ms (cache miss)
3331 http fetch GET 200 https://registry.npmjs.org/@eslint-community/regexpp/-/regexpp-4.12.2.tgz 225538ms (cache miss)
3332 http fetch GET 200 https://registry.npmjs.org/call-bind-apply-helpers/-/call-bind-apply-helpers-1.0.2.tgz 225672ms (cache miss)
3333 http fetch GET 200 https://registry.npmjs.org/object.assign/-/object.assign-4.1.7.tgz 225722ms (cache miss)
3334 http fetch GET 200 https://registry.npmjs.org/object.values/-/object.values-1.2.1.tgz 225677ms (cache miss)
3335 http fetch GET 200 https://registry.npmjs.org/@babel/template/-/template-7.29.7.tgz 225812ms (cache miss)
3336 http fetch GET 200 https://registry.npmjs.org/@eslint-community/eslint-utils/-/eslint-utils-4.10.1.tgz 225564ms (cache miss)
3337 http fetch GET 200 https://registry.npmjs.org/@eslint/plugin-kit/-/plugin-kit-0.4.1.tgz 225575ms (cache miss)
3338 http fetch GET 200 https://registry.npmjs.org/@types/react-dom/-/react-dom-19.3.0.tgz 225555ms (cache miss)
3339 http fetch GET 200 https://registry.npmjs.org/debug/-/debug-3.2.7.tgz 225535ms (cache miss)
3340 http fetch GET 200 https://registry.npmjs.org/es-errors/-/es-errors-1.3.0.tgz 225700ms (cache miss)
3341 http fetch GET 200 https://registry.npmjs.org/json5/-/json5-1.0.2.tgz 225549ms (cache miss)
3342 http fetch GET 200 https://registry.npmjs.org/array-includes/-/array-includes-3.2.0.tgz 225678ms (cache miss)
3343 http fetch GET 200 https://registry.npmjs.org/styled-jsx/-/styled-jsx-5.1.6.tgz 225936ms (cache miss)
3344 http fetch GET 200 https://registry.npmjs.org/fast-json-stable-stringify/-/fast-json-stable-stringify-2.1.0.tgz 225654ms (cache miss)
3345 http fetch GET 200 https://registry.npmjs.org/eslint-scope/-/eslint-scope-8.4.0.tgz 225620ms (cache miss)
3346 http fetch GET 200 https://registry.npmjs.org/@eslint-community/eslint-utils/-/eslint-utils-4.9.1.tgz 225592ms (cache miss)
3347 http fetch GET 200 https://registry.npmjs.org/csstype/-/csstype-3.2.3.tgz 225644ms (cache miss)
3348 http fetch GET 200 https://registry.npmjs.org/brace-expansion/-/brace-expansion-5.0.12.tgz 225628ms (cache miss)
3349 http fetch GET 200 https://registry.npmjs.org/@types/react/-/react-19.3.0.tgz 225638ms (cache miss)
3350 http fetch GET 200 https://registry.npmjs.org/@jridgewell/sourcemap-codec/-/sourcemap-codec-1.6.0.tgz 225945ms (cache miss)
3351 http fetch GET 200 https://registry.npmjs.org/@jridgewell/remapping/-/remapping-2.3.5.tgz 225931ms (cache miss)
3352 http fetch GET 200 https://registry.npmjs.org/language-subtag-registry/-/language-subtag-registry-0.3.23.tgz 226024ms (cache miss)
3353 http fetch GET 200 https://registry.npmjs.org/eslint-module-utils/-/eslint-module-utils-2.14.0.tgz 225812ms (cache miss)
3354 http fetch GET 200 https://registry.npmjs.org/picomatch/-/picomatch-4.0.7.tgz 225673ms (cache miss)
3355 http fetch GET 200 https://registry.npmjs.org/@babel/parser/-/parser-7.29.9.tgz 225961ms (cache miss)
3356 http fetch GET 200 https://registry.npmjs.org/@nodelib/fs.walk/-/fs.walk-1.2.8.tgz 226019ms (cache miss)
3357 http fetch GET 200 https://registry.npmjs.org/esquery/-/esquery-1.7.0.tgz 225750ms (cache miss)
3358 http fetch GET 200 https://registry.npmjs.org/@eslint/config-array/-/config-array-0.21.2.tgz 225734ms (cache miss)
3359 http fetch GET 200 https://registry.npmjs.org/math-intrinsics/-/math-intrinsics-1.1.0.tgz 225877ms (cache miss)
3360 http fetch GET 200 https://registry.npmjs.org/@jridgewell/gen-mapping/-/gen-mapping-0.3.13.tgz 226015ms (cache miss)
3361 http fetch GET 200 https://registry.npmjs.org/object-inspect/-/object-inspect-1.13.4.tgz 225944ms (cache miss)
3362 http fetch GET 200 https://registry.npmjs.org/react/-/react-19.3.0.tgz 225769ms (cache miss)
3363 http fetch GET 200 https://registry.npmjs.org/@typescript-eslint/type-utils/-/type-utils-8.71.0.tgz 226200ms (cache miss)
3364 http fetch GET 200 https://registry.npmjs.org/undici-types/-/undici-types-7.24.6.tgz 225864ms (cache miss)
3365 http fetch GET 200 https://registry.npmjs.org/sharp/-/sharp-0.35.5.tgz 226272ms (cache miss)
3366 http fetch GET 200 https://registry.npmjs.org/@eslint/eslintrc/-/eslintrc-3.3.7.tgz 225937ms (cache miss)
3367 http fetch GET 200 https://registry.npmjs.org/postcss/-/postcss-8.5.23.tgz 226277ms (cache miss)
3368 http fetch GET 200 https://registry.npmjs.org/@jridgewell/trace-mapping/-/trace-mapping-0.3.31.tgz 226209ms (cache miss)
3369 http fetch GET 200 https://registry.npmjs.org/eslint-plugin-react-hooks/-/eslint-plugin-react-hooks-7.1.1.tgz 226115ms (cache miss)
3370 http fetch GET 200 https://registry.npmjs.org/@babel/generator/-/generator-7.29.8.tgz 226300ms (cache miss)
3371 http fetch GET 200 https://registry.npmjs.org/semver/-/semver-7.8.5.tgz 226031ms (cache miss)
3372 http fetch GET 200 https://registry.npmjs.org/js-yaml/-/js-yaml-4.3.2.tgz 226101ms (cache miss)
3373 http fetch GET 200 https://registry.npmjs.org/semver/-/semver-7.8.5.tgz 226059ms (cache miss)
3374 http fetch GET 200 https://registry.npmjs.org/semver/-/semver-7.8.5.tgz 226052ms (cache miss)
3375 http fetch GET 200 https://registry.npmjs.org/axe-core/-/axe-core-4.13.0.tgz 226303ms (cache miss)
3376 http fetch GET 200 https://registry.npmjs.org/hermes-parser/-/hermes-parser-0.25.1.tgz 226362ms (cache miss)
3377 http fetch GET 200 https://registry.npmjs.org/uri-js/-/uri-js-4.4.1.tgz 226258ms (cache miss)
3378 http fetch GET 200 https://registry.npmjs.org/fast-glob/-/fast-glob-3.3.1.tgz 226290ms (cache miss)
3379 http fetch GET 200 https://registry.npmjs.org/@next/eslint-plugin-next/-/eslint-plugin-next-16.3.8.tgz 226305ms (cache miss)
3380 http fetch GET 200 https://registry.npmjs.org/minimatch/-/minimatch-10.2.6.tgz 226227ms (cache miss)
3381 http fetch GET 200 https://registry.npmjs.org/@babel/traverse/-/traverse-7.29.8.tgz 226525ms (cache miss)
3382 http fetch GET 200 https://registry.npmjs.org/tsconfig-paths/-/tsconfig-paths-3.15.0.tgz 226447ms (cache miss)
3383 http fetch GET 200 https://registry.npmjs.org/@types/node/-/node-24.19.0.tgz 226319ms (cache miss)
3384 http fetch GET 200 https://registry.npmjs.org/@typescript-eslint/typescript-estree/-/typescript-estree-8.71.0.tgz 226760ms (cache miss)
3385 http fetch GET 200 https://registry.npmjs.org/@typescript-eslint/utils/-/utils-8.71.0.tgz 226765ms (cache miss)
3386 http fetch GET 200 https://registry.npmjs.org/ajv/-/ajv-6.15.0.tgz 226522ms (cache miss)
3387 http fetch GET 200 https://registry.npmjs.org/jsx-ast-utils/-/jsx-ast-utils-3.3.5.tgz 226754ms (cache miss)
3388 http fetch GET 200 https://registry.npmjs.org/react-dom/-/react-dom-19.3.0.tgz 226538ms (cache miss)
3389 http fetch GET 200 https://registry.npmjs.org/es-iterator-helpers/-/es-iterator-helpers-1.4.0.tgz 226822ms (cache miss)
3390 http fetch GET 200 https://registry.npmjs.org/resolve/-/resolve-2.0.0-next.7.tgz 226693ms (cache miss)
3391 http fetch GET 200 https://registry.npmjs.org/@babel/core/-/core-7.29.7.tgz 226934ms (cache miss)
3392 http fetch GET 200 https://registry.npmjs.org/eslint-plugin-import/-/eslint-plugin-import-2.32.0.tgz 226800ms (cache miss)
3393 http fetch GET 200 https://registry.npmjs.org/axobject-query/-/axobject-query-4.1.0.tgz 227031ms (cache miss)
3394 http fetch GET 200 https://registry.npmjs.org/@img/sharp-win32-x64/-/sharp-win32-x64-0.35.5.tgz 227241ms (cache miss)
3395 http fetch GET 200 https://registry.npmjs.org/@babel/types/-/types-7.29.8.tgz 227246ms (cache miss)
3396 http fetch GET 200 https://registry.npmjs.org/aria-query/-/aria-query-5.3.2.tgz 227271ms (cache miss)
3397 http fetch GET 200 https://registry.npmjs.org/@babel/helpers/-/helpers-7.29.7.tgz 227389ms (cache miss)
3398 http fetch GET 200 https://registry.npmjs.org/eslint-plugin-jsx-a11y/-/eslint-plugin-jsx-a11y-6.10.2.tgz 227249ms (cache miss)
3399 http fetch GET 200 https://registry.npmjs.org/typescript/-/typescript-5.9.3.tgz 227281ms (cache miss)
3400 http fetch GET 200 https://registry.npmjs.org/@swc/helpers/-/helpers-0.5.23.tgz 227766ms (cache miss)
3401 http fetch GET 200 https://registry.npmjs.org/@typescript-eslint/scope-manager/-/scope-manager-8.71.0.tgz 227844ms (cache miss)
3402 http fetch GET 200 https://registry.npmjs.org/eslint-plugin-react/-/eslint-plugin-react-7.37.5.tgz 227656ms (cache miss)
3403 http fetch GET 200 https://registry.npmjs.org/eslint/-/eslint-9.39.5.tgz 227807ms (cache miss)
3404 warn deprecated eslint@9.39.5: This version is no longer supported. Please see https://eslint.org/version-support for other options.
3405 http fetch GET 200 https://registry.npmjs.org/@typescript-eslint/eslint-plugin/-/eslint-plugin-8.71.0.tgz 228296ms (cache miss)
3406 http fetch GET 200 https://registry.npmjs.org/caniuse-lite/-/caniuse-lite-1.0.30001814.tgz 228772ms (cache miss)
3407 http fetch GET 200 https://registry.npmjs.org/zod/-/zod-4.6.5.tgz 228996ms (cache miss)
3408 http fetch GET 200 https://registry.npmjs.org/es-abstract/-/es-abstract-1.24.2.tgz 230212ms (cache miss)
3409 http fetch GET 200 https://registry.npmjs.org/is-negative-zero/-/is-negative-zero-2.0.3.tgz 232942ms attempt #2 (cache miss)
3410 http fetch GET 200 https://registry.npmjs.org/is-data-view/-/is-data-view-1.0.2.tgz 232964ms attempt #2 (cache miss)
3411 http fetch GET 200 https://registry.npmjs.org/es-to-primitive/-/es-to-primitive-1.3.4.tgz 232950ms attempt #2 (cache miss)
3412 http fetch GET 200 https://registry.npmjs.org/is-regex/-/is-regex-1.2.1.tgz 232975ms attempt #2 (cache miss)
3413 http fetch GET 200 https://registry.npmjs.org/@babel/compat-data/-/compat-data-7.29.7.tgz 233372ms attempt #2 (cache miss)
3414 http fetch GET 200 https://registry.npmjs.org/is-array-buffer/-/is-array-buffer-3.0.5.tgz 233286ms attempt #2 (cache miss)
3415 http fetch GET 200 https://registry.npmjs.org/has-proto/-/has-proto-1.2.0.tgz 233289ms attempt #2 (cache miss)
3416 http fetch GET 200 https://registry.npmjs.org/globalthis/-/globalthis-1.0.4.tgz 233295ms attempt #2 (cache miss)
3417 http fetch GET 200 https://registry.npmjs.org/get-proto/-/get-proto-1.0.1.tgz 233293ms attempt #2 (cache miss)
3418 http fetch GET 200 https://registry.npmjs.org/function.prototype.name/-/function.prototype.name-1.2.0.tgz 233296ms attempt #2 (cache miss)
3419 http fetch GET 200 https://registry.npmjs.org/is-callable/-/is-callable-1.2.7.tgz 233316ms attempt #2 (cache miss)
3420 http fetch GET 200 https://registry.npmjs.org/internal-slot/-/internal-slot-1.1.0.tgz 233322ms attempt #2 (cache miss)
3421 http fetch GET 200 https://registry.npmjs.org/get-symbol-description/-/get-symbol-description-1.1.0.tgz 233321ms attempt #2 (cache miss)
3422 http fetch GET 200 https://registry.npmjs.org/has-symbols/-/has-symbols-1.1.0.tgz 233334ms attempt #2 (cache miss)
3423 http fetch GET 200 https://registry.npmjs.org/lucide-react/-/lucide-react-0.577.0.tgz 234312ms (cache miss)
3424 http fetch GET 200 https://registry.npmjs.org/next/-/next-16.3.8.tgz 246751ms (cache miss)
3425 info run unrs-resolver@1.12.2 postinstall node_modules/unrs-resolver node postinstall.js
3426 info run unrs-resolver@1.12.2 postinstall { code: 0, signal: null }
3427 silly ADD node_modules/is-weakset
3428 silly ADD node_modules/is-weakmap
3429 silly ADD node_modules/is-map
3430 silly ADD node_modules/generator-function
3431 silly ADD node_modules/async-function
3432 silly ADD node_modules/which-collection
3433 silly ADD node_modules/is-generator-function
3434 silly ADD node_modules/is-finalizationregistry
3435 silly ADD node_modules/is-async-function
3436 silly ADD node_modules/is-number-object
3437 silly ADD node_modules/is-boolean-object
3438 silly ADD node_modules/is-bigint
3439 silly ADD node_modules/isexe
3440 silly ADD node_modules/punycode
3441 silly ADD node_modules/escalade
3442 silly ADD node_modules/napi-postinstall
3443 silly ADD node_modules/@unrs/resolver-binding-win32-x64-msvc
3444 silly ADD node_modules/which-boxed-primitive
3445 silly ADD node_modules/has-bigints
3446 silly ADD node_modules/@typescript-eslint/tsconfig-utils
3447 silly ADD node_modules/@typescript-eslint/project-service
3448 silly ADD node_modules/@typescript-eslint/types
3449 silly ADD node_modules/ts-api-utils
3450 silly ADD node_modules/@typescript-eslint/visitor-keys
3451 silly ADD node_modules/@typescript-eslint/visitor-keys/node_modules/eslint-visitor-keys
3452 silly ADD node_modules/@typescript-eslint/type-utils
3453 silly ADD node_modules/@typescript-eslint/scope-manager
3454 silly ADD node_modules/@typescript-eslint/utils
3455 silly ADD node_modules/@typescript-eslint/typescript-estree
3456 silly ADD node_modules/@typescript-eslint/typescript-estree/node_modules/balanced-match
3457 silly ADD node_modules/@typescript-eslint/typescript-estree/node_modules/brace-expansion
3458 silly ADD node_modules/@typescript-eslint/typescript-estree/node_modules/semver
3459 silly ADD node_modules/@typescript-eslint/typescript-estree/node_modules/minimatch
3460 silly ADD node_modules/@typescript-eslint/parser
3461 silly ADD node_modules/@typescript-eslint/eslint-plugin
3462 silly ADD node_modules/@typescript-eslint/eslint-plugin/node_modules/ignore
3463 silly ADD node_modules/which-builtin-type
3464 silly ADD node_modules/reflect.getprototypeof
3465 silly ADD node_modules/for-each
3466 silly ADD node_modules/strip-bom
3467 silly ADD node_modules/minimist
3468 silly ADD node_modules/@types/json5
3469 silly ADD node_modules/is-number
3470 silly ADD node_modules/has-flag
3471 silly ADD node_modules/client-only
3472 silly ADD node_modules/side-channel-weakmap
3473 silly ADD node_modules/side-channel-map
3474 silly ADD node_modules/side-channel-list
3475 silly ADD node_modules/shebang-regex
3476 silly ADD node_modules/detect-libc
3477 silly ADD node_modules/@img/sharp-win32-x64
3478 silly ADD node_modules/@img/colour
3479 silly ADD node_modules/isarray
3480 silly ADD node_modules/queue-microtask
3481 silly ADD node_modules/supports-preserve-symlinks-flag
3482 silly ADD node_modules/path-parse
3483 silly ADD node_modules/node-exports-info
3484 silly ADD node_modules/scheduler
3485 silly ADD node_modules/react-is
3486 silly ADD node_modules/object-assign
3487 silly ADD node_modules/loose-envify
3488 silly ADD node_modules/source-map-js
3489 silly ADD node_modules/nanoid
3490 silly ADD node_modules/callsites
3491 silly ADD node_modules/yocto-queue
3492 silly ADD node_modules/p-limit
3493 silly ADD node_modules/word-wrap
3494 silly ADD node_modules/fast-levenshtein
3495 silly ADD node_modules/deep-is
3496 silly ADD node_modules/tslib
3497 silly ADD node_modules/styled-jsx
3498 silly ADD node_modules/sharp
3499 silly ADD node_modules/sharp/node_modules/semver
3500 silly ADD node_modules/postcss
3501 silly ADD node_modules/@swc/helpers
3502 silly ADD
3503 silly ADD node_modules/@next/env
3504 silly ADD node_modules/concat-map
3505 silly ADD node_modules/balanced-match
3506 silly ADD node_modules/brace-expansion
3507 silly ADD node_modules/to-regex-range
3508 silly ADD node_modules/fill-range
3509 silly ADD node_modules/picomatch
3510 silly ADD node_modules/braces
3511 silly ADD node_modules/yallist
3512 silly ADD node_modules/p-locate
3513 silly ADD node_modules/type-check
3514 silly ADD node_modules/prelude-ls
3515 silly ADD node_modules/language-subtag-registry
3516 silly ADD node_modules/json-buffer
3517 silly ADD node_modules/argparse
3518 silly ADD node_modules/set-function-name
3519 silly ADD node_modules/is-extglob
3520 silly ADD node_modules/side-channel
3521 silly ADD node_modules/resolve-from
3522 silly ADD node_modules/parent-module
3523 silly ADD node_modules/hermes-estree
3524 silly ADD node_modules/resolve-pkg-maps
3525 silly ADD node_modules/dunder-proto
3526 silly ADD node_modules/is-document.all
3527 silly ADD node_modules/functions-have-names
3528 silly ADD node_modules/keyv
3529 silly ADD node_modules/flatted
3530 silly ADD node_modules/path-exists
3531 silly ADD node_modules/locate-path
3532 silly ADD node_modules/flat-cache
3533 silly ADD node_modules/reusify
3534 silly ADD node_modules/run-parallel
3535 silly ADD node_modules/fastq
3536 silly ADD node_modules/@nodelib/fs.scandir
3537 silly ADD node_modules/micromatch
3538 silly ADD node_modules/merge2
3539 silly ADD node_modules/@nodelib/fs.walk
3540 silly ADD node_modules/@nodelib/fs.stat
3541 silly ADD node_modules/acorn-jsx
3542 silly ADD node_modules/acorn
3543 silly ADD node_modules/esrecurse
3544 silly ADD node_modules/update-browserslist-db
3545 silly ADD node_modules/node-releases
3546 silly ADD node_modules/electron-to-chromium
3547 silly ADD node_modules/caniuse-lite
3548 silly ADD node_modules/baseline-browser-mapping
3549 silly ADD node_modules/@jridgewell/resolve-uri
3550 silly ADD node_modules/@jridgewell/sourcemap-codec
3551 silly ADD node_modules/@babel/helper-string-parser
3552 silly ADD node_modules/@babel/helper-globals
3553 silly ADD node_modules/@babel/helper-module-imports
3554 silly ADD node_modules/lru-cache
3555 silly ADD node_modules/browserslist
3556 silly ADD node_modules/@babel/helper-validator-option
3557 silly ADD node_modules/@babel/compat-data
3558 silly ADD node_modules/jsesc
3559 silly ADD node_modules/@jridgewell/trace-mapping
3560 silly ADD node_modules/@jridgewell/gen-mapping
3561 silly ADD node_modules/picocolors
3562 silly ADD node_modules/js-tokens
3563 silly ADD node_modules/@babel/helper-validator-identifier
3564 silly ADD node_modules/json5
3565 silly ADD node_modules/gensync
3566 silly ADD node_modules/convert-source-map
3567 silly ADD node_modules/@jridgewell/remapping
3568 silly ADD node_modules/@babel/types
3569 silly ADD node_modules/@babel/traverse
3570 silly ADD node_modules/@babel/template
3571 silly ADD node_modules/@babel/helpers
3572 silly ADD node_modules/@babel/helper-module-transforms
3573 silly ADD node_modules/@babel/helper-compilation-targets
3574 silly ADD node_modules/@babel/generator
3575 silly ADD node_modules/@babel/code-frame
3576 silly ADD node_modules/zod-validation-error
3577 silly ADD node_modules/zod
3578 silly ADD node_modules/hermes-parser
3579 silly ADD node_modules/@babel/parser
3580 silly ADD node_modules/@babel/core
3581 silly ADD node_modules/iterator.prototype
3582 silly ADD node_modules/string.prototype.repeat
3583 silly ADD node_modules/string.prototype.matchall
3584 silly ADD node_modules/prop-types
3585 silly ADD node_modules/object.entries
3586 silly ADD node_modules/estraverse
3587 silly ADD node_modules/es-iterator-helpers
3588 silly ADD node_modules/array.prototype.tosorted
3589 silly ADD node_modules/array.prototype.findlast
3590 silly ADD node_modules/string.prototype.includes
3591 silly ADD node_modules/language-tags
3592 silly ADD node_modules/jsx-ast-utils
3593 silly ADD node_modules/emoji-regex
3594 silly ADD node_modules/damerau-levenshtein
3595 silly ADD node_modules/axobject-query
3596 silly ADD node_modules/axe-core
3597 silly ADD node_modules/ast-types-flow
3598 silly ADD node_modules/aria-query
3599 silly ADD node_modules/is-symbol
3600 silly ADD node_modules/is-date-object
3601 silly ADD node_modules/es-abstract-get
3602 silly ADD node_modules/has-tostringtag
3603 silly ADD node_modules/possible-typed-array-names
3604 silly ADD node_modules/which-typed-array
3605 silly ADD node_modules/unbox-primitive
3606 silly ADD node_modules/typed-array-length
3607 silly ADD node_modules/typed-array-byte-offset
3608 silly ADD node_modules/typed-array-byte-length
3609 silly ADD node_modules/typed-array-buffer
3610 silly ADD node_modules/string.prototype.trimstart
3611 silly ADD node_modules/string.prototype.trim
3612 silly ADD node_modules/stop-iteration-iterator
3613 silly ADD node_modules/set-proto
3614 silly ADD node_modules/safe-regex-test
3615 silly ADD node_modules/safe-push-apply
3616 silly ADD node_modules/safe-array-concat
3617 silly ADD node_modules/regexp.prototype.flags
3618 silly ADD node_modules/own-keys
3619 silly ADD node_modules/object.assign
3620 silly ADD node_modules/object-inspect
3621 silly ADD node_modules/is-weakref
3622 silly ADD node_modules/is-typed-array
3623 silly ADD node_modules/is-shared-array-buffer
3624 silly ADD node_modules/is-set
3625 silly ADD node_modules/is-regex
3626 silly ADD node_modules/is-negative-zero
3627 silly ADD node_modules/is-data-view
3628 silly ADD node_modules/is-callable
3629 silly ADD node_modules/is-array-buffer
3630 silly ADD node_modules/internal-slot
3631 silly ADD node_modules/has-symbols
3632 silly ADD node_modules/has-proto
3633 silly ADD node_modules/globalthis
3634 silly ADD node_modules/get-symbol-description
3635 silly ADD node_modules/get-proto
3636 silly ADD node_modules/function.prototype.name
3637 silly ADD node_modules/es-to-primitive
3638 silly ADD node_modules/es-set-tostringtag
3639 silly ADD node_modules/data-view-byte-offset
3640 silly ADD node_modules/data-view-byte-length
3641 silly ADD node_modules/data-view-buffer
3642 silly ADD node_modules/available-typed-arrays
3643 silly ADD node_modules/arraybuffer.prototype.slice
3644 silly ADD node_modules/array-buffer-byte-length
3645 silly ADD node_modules/gopd
3646 silly ADD node_modules/object-keys
3647 silly ADD node_modules/has-property-descriptors
3648 silly ADD node_modules/define-data-property
3649 silly ADD node_modules/function-bind
3650 silly ADD node_modules/set-function-length
3651 silly ADD node_modules/get-intrinsic
3652 silly ADD node_modules/es-define-property
3653 silly ADD node_modules/call-bind-apply-helpers
3654 silly ADD node_modules/es-errors
3655 silly ADD node_modules/math-intrinsics
3656 silly ADD node_modules/is-string
3657 silly ADD node_modules/es-shim-unscopables
3658 silly ADD node_modules/es-object-atoms
3659 silly ADD node_modules/es-abstract
3660 silly ADD node_modules/define-properties
3661 silly ADD node_modules/call-bound
3662 silly ADD node_modules/call-bind
3663 silly ADD node_modules/tsconfig-paths
3664 silly ADD node_modules/tsconfig-paths/node_modules/json5
3665 silly ADD node_modules/string.prototype.trimend
3666 silly ADD node_modules/semver
3667 silly ADD node_modules/object.values
3668 silly ADD node_modules/object.groupby
3669 silly ADD node_modules/object.fromentries
3670 silly ADD node_modules/hasown
3671 silly ADD node_modules/eslint-module-utils
3672 silly ADD node_modules/eslint-module-utils/node_modules/debug
3673 silly ADD node_modules/doctrine
3674 silly ADD node_modules/array.prototype.flatmap
3675 silly ADD node_modules/array.prototype.flat
3676 silly ADD node_modules/array.prototype.findlastindex
3677 silly ADD node_modules/array-includes
3678 silly ADD node_modules/@rtsao/scc
3679 silly ADD node_modules/unrs-resolver
3680 silly ADD node_modules/tinyglobby
3681 silly ADD node_modules/tinyglobby/node_modules/picomatch
3682 silly ADD node_modules/tinyglobby/node_modules/fdir
3683 silly ADD node_modules/stable-hash
3684 silly ADD node_modules/is-bun-module
3685 silly ADD node_modules/is-bun-module/node_modules/semver
3686 silly ADD node_modules/get-tsconfig
3687 silly ADD node_modules/@nolyfill/is-core-module
3688 silly ADD node_modules/resolve
3689 silly ADD node_modules/is-core-module
3690 silly ADD node_modules/fast-glob
3691 silly ADD node_modules/fast-glob/node_modules/glob-parent
3692 silly ADD node_modules/typescript-eslint
3693 silly ADD node_modules/eslint-plugin-react-hooks
3694 silly ADD node_modules/eslint-plugin-react
3695 silly ADD node_modules/eslint-plugin-jsx-a11y
3696 silly ADD node_modules/eslint-plugin-import
3697 silly ADD node_modules/eslint-plugin-import/node_modules/debug
3698 silly ADD node_modules/eslint-import-resolver-typescript
3699 silly ADD node_modules/eslint-import-resolver-node
3700 silly ADD node_modules/eslint-import-resolver-node/node_modules/debug
3701 silly ADD node_modules/@next/eslint-plugin-next
3702 silly ADD node_modules/@next/eslint-plugin-next/node_modules/eslint-visitor-keys
3703 silly ADD node_modules/@next/eslint-plugin-next/node_modules/@eslint-community/eslint-utils
3704 silly ADD node_modules/ms
3705 silly ADD node_modules/which
3706 silly ADD node_modules/shebang-command
3707 silly ADD node_modules/path-key
3708 silly ADD node_modules/color-name
3709 silly ADD node_modules/color-convert
3710 silly ADD node_modules/supports-color
3711 silly ADD node_modules/ansi-styles
3712 silly ADD node_modules/uri-js
3713 silly ADD node_modules/json-schema-traverse
3714 silly ADD node_modules/fast-json-stable-stringify
3715 silly ADD node_modules/@humanfs/types
3716 silly ADD node_modules/@humanfs/core
3717 silly ADD node_modules/levn
3718 silly ADD node_modules/strip-json-comments
3719 silly ADD node_modules/js-yaml
3720 silly ADD node_modules/import-fresh
3721 silly ADD node_modules/globals
3722 silly ADD node_modules/@types/json-schema
3723 silly ADD node_modules/@eslint/object-schema
3724 silly ADD node_modules/optionator
3725 silly ADD node_modules/natural-compare
3726 silly ADD node_modules/minimatch
3727 silly ADD node_modules/lodash.merge
3728 silly ADD node_modules/json-stable-stringify-without-jsonify
3729 silly ADD node_modules/is-glob
3730 silly ADD node_modules/imurmurhash
3731 silly ADD node_modules/ignore
3732 silly ADD node_modules/glob-parent
3733 silly ADD node_modules/find-up
3734 silly ADD node_modules/file-entry-cache
3735 silly ADD node_modules/fast-deep-equal
3736 silly ADD node_modules/esutils
3737 silly ADD node_modules/esquery
3738 silly ADD node_modules/espree
3739 silly ADD node_modules/eslint-visitor-keys
3740 silly ADD node_modules/eslint-scope
3741 silly ADD node_modules/escape-string-regexp
3742 silly ADD node_modules/debug
3743 silly ADD node_modules/cross-spawn
3744 silly ADD node_modules/chalk
3745 silly ADD node_modules/ajv
3746 silly ADD node_modules/@types/estree
3747 silly ADD node_modules/@humanwhocodes/retry
3748 silly ADD node_modules/@humanwhocodes/module-importer
3749 silly ADD node_modules/@humanfs/node
3750 silly ADD node_modules/@eslint/plugin-kit
3751 silly ADD node_modules/@eslint/js
3752 silly ADD node_modules/@eslint/eslintrc
3753 silly ADD node_modules/@eslint/core
3754 silly ADD node_modules/@eslint/config-helpers
3755 silly ADD node_modules/@eslint/config-array
3756 silly ADD node_modules/@eslint-community/regexpp
3757 silly ADD node_modules/@eslint-community/eslint-utils
3758 silly ADD node_modules/@eslint-community/eslint-utils/node_modules/eslint-visitor-keys
3759 silly ADD node_modules/csstype
3760 silly ADD node_modules/undici-types
3761 silly ADD node_modules/typescript
3762 silly ADD node_modules/react-dom
3763 silly ADD node_modules/next
3764 silly ADD node_modules/react
3765 silly ADD node_modules/lucide-react
3766 silly ADD node_modules/eslint-config-next
3767 silly ADD node_modules/eslint-config-next/node_modules/globals
3768 silly ADD node_modules/eslint
3769 silly ADD node_modules/@types/react-dom
3770 silly ADD node_modules/@types/react
3771 silly ADD node_modules/@types/node
3772 warn allow-scripts 1 package has install scripts not yet covered by allowScripts:
3772 warn allow-scripts   unrs-resolver@1.12.2 (postinstall: node postinstall.js)
3772 warn allow-scripts
3772 warn allow-scripts Run `npm approve-scripts --allow-scripts-pending` to review, or `npm approve-scripts <pkg>` to allow.
3773 verbose cwd C:\Users\Lenovo\Documents\Codex\2026-10-01\do\outputs\praman-app
3774 verbose os Windows_NT 10.0.26200
3775 verbose node v24.18.1
3776 verbose npm  v11.16.0
3777 notice
3777 notice New major version of npm available! 11.16.0 -> 12.2.0
3777 notice Changelog: https://github.com/npm/cli/releases/tag/v12.2.0
3777 notice To update run: npm install -g npm@12.2.0
3777 notice  { force: true, Symbol(proc-log.meta): true }
3778 verbose exit 0
3779 info ok
